customer_id,customer_name,phone,age,age_group,gender
C00001,徐敏,13861916734,43,31-45岁,男
C00002,张军,13854266578,32,31-45岁,女
C00003,刘磊,13826851769,63,60岁以上,女
C00004,王敏,13879493433,48,46-60岁,男
C00005,徐秀英,13873969666,24,19-30岁,女
C00006,李霞,13888493047,18,13-18岁,男
C00007,黄芳,13837344005,22,19-30岁,男
C00008,张娜,13887342267,5,0-12岁,女
C00009,刘磊,13863939792,37,31-45岁,女
C00010,吴平,13894338513,25,19-30岁,男
C00011,张秀英,13817759226,24,19-30岁,女
C00012,刘秀英,13825854943,68,60岁以上,女
C00013,黄磊,13848438989,10,0-12岁,男
C00014,赵霞,13878736675,28,19-30岁,女
C00015,陈伟,13886292016,38,31-45岁,女
C00016,马丽,13888927863,50,46-60岁,女
C00017,孙娟,13858597331,77,60岁以上,女
C00018,杨军,13882086276,54,46-60岁,女
C00019,王强,13862586618,22,19-30岁,女
C00020,马勇,13868924561,46,46-60岁,男
C00021,李娜,13882153454,7,0-12岁,女
C00022,黄敏,13899963731,54,46-60岁,女
C00023,杨艳,13891104840,33,31-45岁,女
C00024,周军,13815027910,53,46-60岁,男
C00025,马芳,13888581863,32,31-45岁,女
C00026,孙涛,13897556116,17,13-18岁,女
C00027,吴敏,13878922678,31,31-45岁,女
C00028,胡杰,13820597668,41,31-45岁,男
C00029,李秀英,13836934627,20,19-30岁,男
C00030,陈平,13864502663,25,19-30岁,女
C00031,胡艳,13883922306,29,19-30岁,男
C00032,周强,13868648526,47,46-60岁,男
C00033,孙娜,13816632998,11,0-12岁,男
C00034,张磊,13824954304,85,60岁以上,男
C00035,马洋,13822914581,34,31-45岁,女
C00036,李磊,13885548280,34,31-45岁,男
C00037,朱敏,13818549164,33,31-45岁,男
C00038,黄军,13875286249,41,31-45岁,女
C00039,赵艳,13859314510,70,60岁以上,女
C00040,王艳,13852189958,5,0-12岁,女
C00041,杨强,13881252930,41,31-45岁,女
C00042,徐军,13872879800,34,31-45岁,男
C00043,孙娜,13816593811,69,60岁以上,女
C00044,周丽,13875462986,36,31-45岁,女
C00045,吴磊,13896803976,22,19-30岁,男
C00046,王涛,13876943385,30,19-30岁,女
C00047,黄军,13865345061,56,46-60岁,女
C00048,胡秀英,13812627287,50,46-60岁,女
C00049,刘勇,13830496423,59,46-60岁,女
C00050,朱芳,13855484108,80,60岁以上,女
C00051,刘芳,13832552154,24,19-30岁,女
C00052,马勇,13871972648,19,19-30岁,男
C00053,黄军,13835576592,39,31-45岁,女
C00054,李强,13839615973,50,46-60岁,女
C00055,胡霞,13893526699,53,46-60岁,男
C00056,胡勇,13859114987,58,46-60岁,男
C00057,刘明,13857355555,50,46-60岁,女
C00058,黄涛,13844462045,52,46-60岁,男
C00059,王军,13868954354,33,31-45岁,男
C00060,王磊,13858938022,41,31-45岁,女
C00061,孙秀英,13886835642,46,46-60岁,女
C00062,吴军,13886799208,19,19-30岁,女
C00063,孙霞,13820603327,5,0-12岁,男
C00064,黄霞,13813011606,30,19-30岁,女
C00065,黄艳,13819803975,26,19-30岁,女
C00066,刘静,13843274394,48,46-60岁,男
C00067,吴明,13815696442,47,46-60岁,女
C00068,李芳,13848638455,36,31-45岁,女
C00069,朱敏,13824091784,11,0-12岁,女
C00070,王丽,13885608343,21,19-30岁,女
C00071,马娟,13828419716,22,19-30岁,男
C00072,周娜,13839508992,5,0-12岁,女
C00073,黄杰,13870027614,24,19-30岁,男
C00074,周涛,13869191853,32,31-45岁,男
C00075,吴军,13857774854,37,31-45岁,男
C00076,吴伟,13834914124,37,31-45岁,男
C00077,徐敏,13858691876,34,31-45岁,男
C00078,徐秀英,13851427966,44,31-45岁,男
C00079,马军,13861779932,11,0-12岁,男
C00080,马勇,13869493838,5,0-12岁,男
C00081,李洋,13815128805,28,19-30岁,男
C00082,黄丽,13846728404,37,31-45岁,男
C00083,赵伟,13891304147,73,60岁以上,女
C00084,孙军,13845068253,53,46-60岁,男
C00085,吴丽,13876173479,30,19-30岁,女
C00086,吴敏,13884215452,68,60岁以上,男
C00087,朱洋,13838498390,62,60岁以上,男
C00088,朱超,13834895611,58,46-60岁,女
C00089,周强,13818512687,41,31-45岁,女
C00090,王艳,13834275000,51,46-60岁,女
C00091,马丽,13865364913,43,31-45岁,男
C00092,吴超,13853805107,55,46-60岁,男
C00093,胡伟,13899677748,26,19-30岁,女
C00094,周勇,13814179306,38,31-45岁,男
C00095,赵伟,13814128543,41,31-45岁,女
C00096,李艳,13881649867,22,19-30岁,男
C00097,胡洋,13821225079,48,46-60岁,男
C00098,刘芳,13861043143,45,31-45岁,男
C00099,刘霞,13839145968,62,60岁以上,男
C00100,李娜,13897871728,27,19-30岁,男
C00101,孙明,13813958400,30,19-30岁,女
C00102,朱娜,13853603502,50,46-60岁,女
C00103,马秀英,13864869335,31,31-45岁,男
C00104,马静,13882665491,71,60岁以上,男
C00105,王明,13821672062,55,46-60岁,男
C00106,吴丽,13861616305,49,46-60岁,男
C00107,陈超,13863349924,5,0-12岁,男
C00108,朱平,13878015846,66,60岁以上,男
C00109,黄强,13825426293,46,46-60岁,女
C00110,胡秀英,13873137938,59,46-60岁,女
C00111,马强,13897028494,55,46-60岁,女
C00112,孙洋,13841418419,26,19-30岁,男
C00113,黄艳,13851869905,40,31-45岁,女
C00114,赵超,13852685748,61,60岁以上,男
C00115,赵敏,13896474072,63,60岁以上,女
C00116,刘磊,13815042214,43,31-45岁,男
C00117,李勇,13811333105,36,31-45岁,男
C00118,张霞,13873162852,19,19-30岁,男
C00119,吴磊,13871902256,31,31-45岁,男
C00120,周磊,13844864584,40,31-45岁,女
C00121,张娜,13891208114,50,46-60岁,男
C00122,孙芳,13860639549,38,31-45岁,男
C00123,刘娜,13878194719,8,0-12岁,男
C00124,胡芳,13815395964,49,46-60岁,女
C00125,朱勇,13888913779,5,0-12岁,男
C00126,李超,13825818714,41,31-45岁,女
C00127,刘军,13838719989,11,0-12岁,女
C00128,徐明,13861242015,67,60岁以上,男
C00129,刘秀英,13851584925,40,31-45岁,女
C00130,王霞,13857845000,15,13-18岁,男
C00131,周明,13891753000,6,0-12岁,女
C00132,刘明,13869892460,24,19-30岁,女
C00133,马娟,13851788245,51,46-60岁,男
C00134,刘敏,13830485780,49,46-60岁,女
C00135,李娟,13844198239,47,46-60岁,男
C00136,杨娟,13812499865,14,13-18岁,男
C00137,黄涛,13820779427,25,19-30岁,女
C00138,朱芳,13889015858,51,46-60岁,男
C00139,徐敏,13856735530,46,46-60岁,女
C00140,张杰,13878817949,59,46-60岁,女
C00141,孙勇,13823315261,49,46-60岁,男
C00142,马敏,13861155637,71,60岁以上,女
C00143,刘强,13851648941,5,0-12岁,女
C00144,刘秀英,13853007269,34,31-45岁,女
C00145,赵静,13817608830,32,31-45岁,男
C00146,黄丽,13872387090,33,31-45岁,男
C00147,陈涛,13894722887,15,13-18岁,男
C00148,刘娜,13851881671,43,31-45岁,男
C00149,赵秀英,13849007677,25,19-30岁,男
C00150,李芳,13873761523,20,19-30岁,男
C00151,徐秀英,13882407937,36,31-45岁,女
C00152,朱伟,13862407493,5,0-12岁,男
C00153,李磊,13813021638,38,31-45岁,女
C00154,王娟,13897179150,35,31-45岁,女
C00155,赵明,13861266122,30,19-30岁,女
C00156,刘杰,13837977506,37,31-45岁,女
C00157,胡芳,13878822906,32,31-45岁,男
C00158,王杰,13891526750,17,13-18岁,男
C00159,张杰,13856327288,23,19-30岁,男
C00160,陈涛,13871688561,15,13-18岁,女
C00161,陈娟,13852068943,19,19-30岁,女
C00162,孙秀英,13878917738,34,31-45岁,男
C00163,徐明,13827611876,47,46-60岁,男
C00164,王强,13824602733,29,19-30岁,男
C00165,陈强,13845174735,56,46-60岁,女
C00166,张霞,13894343590,34,31-45岁,男
C00167,孙秀英,13891956966,42,31-45岁,女
C00168,张勇,13835516560,33,31-45岁,女
C00169,张芳,13873167469,5,0-12岁,女
C00170,周明,13899151224,82,60岁以上,女
C00171,吴超,13828282917,68,60岁以上,男
C00172,王芳,13879883026,39,31-45岁,女
C00173,吴娜,13812607038,21,19-30岁,女
C00174,朱丽,13880413060,5,0-12岁,女
C00175,李平,13844908984,78,60岁以上,女
C00176,李磊,13812352908,24,19-30岁,女
C00177,黄敏,13869516468,36,31-45岁,男
C00178,胡霞,13874137941,32,31-45岁,女
C00179,刘霞,13810778577,24,19-30岁,女
C00180,周芳,13816002065,22,19-30岁,男
C00181,周娜,13879438804,30,19-30岁,男
C00182,黄霞,13861425670,58,46-60岁,女
C00183,周超,13850332997,40,31-45岁,男
C00184,杨军,13850182970,31,31-45岁,男
C00185,刘勇,13865678667,56,46-60岁,女
C00186,刘军,13867886408,19,19-30岁,女
C00187,黄静,13821201950,38,31-45岁,男
C00188,徐洋,13832433645,39,31-45岁,女
C00189,赵勇,13870288326,64,60岁以上,男
C00190,胡娜,13873598863,34,31-45岁,女
C00191,张涛,13833713891,16,13-18岁,女
C00192,周霞,13810943674,85,60岁以上,女
C00193,李娜,13831166779,5,0-12岁,男
C00194,吴强,13871661814,40,31-45岁,男
C00195,吴军,13887831984,48,46-60岁,男
C00196,王艳,13818274531,38,31-45岁,男
C00197,胡娜,13870246109,24,19-30岁,男
C00198,胡磊,13843684797,58,46-60岁,女
C00199,杨洋,13844172645,29,19-30岁,男
C00200,王涛,13840303872,26,19-30岁,男
C00201,朱秀英,13837088112,16,13-18岁,女
C00202,孙洋,13893934507,21,19-30岁,女
C00203,周超,13815362625,18,13-18岁,女
C00204,张秀英,13895779070,39,31-45岁,男
C00205,陈敏,13859712205,28,19-30岁,男
C00206,胡静,13829906299,65,60岁以上,男
C00207,陈敏,13857573713,30,19-30岁,男
C00208,胡敏,13865881966,47,46-60岁,女
C00209,孙秀英,13895336182,75,60岁以上,女
C00210,王军,13877045422,5,0-12岁,女
C00211,陈平,13890581951,35,31-45岁,女
C00212,刘勇,13830793717,34,31-45岁,男
C00213,刘军,13881863065,34,31-45岁,男
C00214,吴明,13864907645,25,19-30岁,男
C00215,陈芳,13859267016,57,46-60岁,男
C00216,李娟,13890385873,5,0-12岁,男
C00217,朱军,13810548643,15,13-18岁,女
C00218,张伟,13844621832,66,60岁以上,女
C00219,杨静,13895198221,21,19-30岁,男
C00220,徐军,13843007722,23,19-30岁,女
C00221,王涛,13889703143,65,60岁以上,女
C00222,吴娟,13835385547,42,31-45岁,女
C00223,吴伟,13818221943,30,19-30岁,男
C00224,李娜,13854259966,15,13-18岁,女
C00225,胡静,13851779705,40,31-45岁,女
C00226,吴芳,13878527035,50,46-60岁,男
C00227,朱艳,13854912555,26,19-30岁,女
C00228,周秀英,13822798083,54,46-60岁,男
C00229,王娟,13831069173,37,31-45岁,男
C00230,王芳,13858313768,17,13-18岁,女
C00231,陈艳,13850339428,65,60岁以上,男
C00232,胡芳,13883686877,36,31-45岁,女
C00233,胡艳,13899961074,16,13-18岁,女
C00234,刘磊,13864759232,30,19-30岁,男
C00235,徐敏,13826229041,71,60岁以上,男
C00236,杨秀英,13830748992,47,46-60岁,男
C00237,胡娟,13871369646,18,13-18岁,女
C00238,周静,13839694028,50,46-60岁,男
C00239,胡磊,13840676941,23,19-30岁,女
C00240,朱丽,13838665788,35,31-45岁,女
C00241,马丽,13864158679,23,19-30岁,女
C00242,胡娟,13893782333,9,0-12岁,男
C00243,张丽,13872128479,43,31-45岁,男
C00244,孙勇,13887159942,38,31-45岁,男
C00245,马娟,13881018674,24,19-30岁,女
C00246,马磊,13814811153,37,31-45岁,男
C00247,陈丽,13867602240,12,0-12岁,女
C00248,马敏,13826397185,11,0-12岁,男
C00249,黄芳,13879604004,52,46-60岁,女
C00250,朱明,13846408982,24,19-30岁,男
C00251,刘强,13866043421,58,46-60岁,女
C00252,朱涛,13863197609,47,46-60岁,女
C00253,杨洋,13869138124,42,31-45岁,男
C00254,朱磊,13813905430,38,31-45岁,女
C00255,刘伟,13825212500,43,31-45岁,男
C00256,徐强,13860853419,31,31-45岁,女
C00257,黄勇,13863928693,51,46-60岁,女
C00258,陈娜,13881383667,25,19-30岁,男
C00259,马军,13839835278,38,31-45岁,男
C00260,杨超,13892308694,26,19-30岁,女
C00261,黄秀英,13885649684,71,60岁以上,女
C00262,杨伟,13895029930,43,31-45岁,女
C00263,李军,13848108206,47,46-60岁,男
C00264,王霞,13830329436,35,31-45岁,男
C00265,陈芳,13853618069,6,0-12岁,男
C00266,李平,13844305435,45,31-45岁,女
C00267,黄艳,13821659567,27,19-30岁,男
C00268,孙勇,13874671145,29,19-30岁,男
C00269,黄平,13890568511,34,31-45岁,男
C00270,吴敏,13828285805,39,31-45岁,女
C00271,黄霞,13828688878,39,31-45岁,女
C00272,刘军,13866908827,51,46-60岁,女
C00273,张娟,13823898274,46,46-60岁,男
C00274,张超,13832651936,25,19-30岁,男
C00275,胡秀英,13827969245,23,19-30岁,女
C00276,徐强,13837362913,56,46-60岁,女
C00277,杨娟,13883129194,36,31-45岁,女
C00278,李勇,13858768287,5,0-12岁,女
C00279,周勇,13884902218,32,31-45岁,女
C00280,徐敏,13819548291,55,46-60岁,男
C00281,孙洋,13892284020,50,46-60岁,女
C00282,吴洋,13860686233,17,13-18岁,女
C00283,徐娟,13837452591,80,60岁以上,女
C00284,杨杰,13871834930,25,19-30岁,女
C00285,孙洋,13833834239,37,31-45岁,男
C00286,吴静,13827047924,66,60岁以上,女
C00287,刘娟,13852864738,54,46-60岁,女
C00288,徐杰,13871501556,56,46-60岁,女
C00289,徐丽,13847414998,28,19-30岁,男
C00290,周霞,13897801294,19,19-30岁,男
C00291,陈杰,13830648009,30,19-30岁,女
C00292,吴伟,13820076445,24,19-30岁,男
C00293,陈洋,13824351571,34,31-45岁,男
C00294,刘娟,13860841277,29,19-30岁,女
C00295,马霞,13820409073,26,19-30岁,男
C00296,周勇,13892135569,38,31-45岁,男
C00297,赵涛,13899546346,24,19-30岁,女
C00298,赵强,13861269220,69,60岁以上,男
C00299,吴明,13843569707,32,31-45岁,男
C00300,马丽,13875401038,5,0-12岁,女
C00301,徐娜,13828234155,25,19-30岁,女
C00302,陈超,13866584778,50,46-60岁,女
C00303,徐平,13851167446,30,19-30岁,男
C00304,杨娜,13851792682,14,13-18岁,男
C00305,朱磊,13819334598,34,31-45岁,女
C00306,徐洋,13840569984,39,31-45岁,女
C00307,刘强,13846102607,14,13-18岁,男
C00308,王伟,13819846776,81,60岁以上,男
C00309,张磊,13846337342,32,31-45岁,女
C00310,赵平,13819597059,13,13-18岁,男
C00311,朱娜,13887251526,38,31-45岁,女
C00312,赵娟,13828752763,47,46-60岁,女
C00313,胡霞,13861097644,24,19-30岁,男
C00314,刘杰,13864631583,26,19-30岁,男
C00315,赵杰,13894652389,30,19-30岁,女
C00316,刘静,13893577154,34,31-45岁,女
C00317,徐伟,13817781213,41,31-45岁,女
C00318,胡敏,13877314117,43,31-45岁,男
C00319,马娟,13837209905,78,60岁以上,女
C00320,刘丽,13890321001,34,31-45岁,女
C00321,马超,13841748014,26,19-30岁,男
C00322,赵芳,13840411105,54,46-60岁,男
C00323,吴磊,13870821634,39,31-45岁,男
C00324,胡敏,13879174144,20,19-30岁,男
C00325,赵静,13863834911,67,60岁以上,女
C00326,马涛,13843899442,41,31-45岁,女
C00327,徐超,13810219601,46,46-60岁,女
C00328,吴平,13882945904,70,60岁以上,男
C00329,杨涛,13881792560,65,60岁以上,女
C00330,周超,13846389941,26,19-30岁,男
C00331,黄秀英,13857901306,44,31-45岁,男
C00332,赵丽,13880571661,24,19-30岁,男
C00333,孙明,13899467236,26,19-30岁,男
C00334,赵军,13813528005,85,60岁以上,女
C00335,马磊,13844537675,55,46-60岁,女
C00336,朱军,13827125703,30,19-30岁,女
C00337,马超,13823945732,33,31-45岁,男
C00338,赵磊,13815293958,28,19-30岁,男
C00339,陈涛,13815257477,26,19-30岁,女
C00340,李洋,13856483365,59,46-60岁,男
C00341,刘军,13832784155,63,60岁以上,女
C00342,杨勇,13842169219,5,0-12岁,男
C00343,胡秀英,13865435555,11,0-12岁,男
C00344,李静,13880624374,55,46-60岁,男
C00345,王磊,13867246897,32,31-45岁,女
C00346,黄静,13844327276,52,46-60岁,男
C00347,孙强,13815758029,62,60岁以上,男
C00348,李娟,13841924178,50,46-60岁,女
C00349,黄勇,13845683203,29,19-30岁,女
C00350,吴涛,13829251619,72,60岁以上,女
C00351,黄芳,13812817262,29,19-30岁,男
C00352,刘娟,13861787980,26,19-30岁,男
C00353,黄霞,13894673740,65,60岁以上,男
C00354,孙伟,13863701125,48,46-60岁,女
C00355,朱霞,13863428351,51,46-60岁,女
C00356,黄明,13842498595,41,31-45岁,女
C00357,张艳,13893207812,21,19-30岁,男
C00358,陈杰,13856122198,44,31-45岁,女
C00359,朱娟,13887054719,34,31-45岁,女
C00360,吴秀英,13819865440,71,60岁以上,女
C00361,马平,13841249125,15,13-18岁,女
C00362,胡磊,13861051703,47,46-60岁,男
C00363,赵磊,13879244828,33,31-45岁,女
C00364,陈娟,13814888114,40,31-45岁,女
C00365,赵伟,13851144553,5,0-12岁,女
C00366,黄勇,13820002388,18,13-18岁,女
C00367,徐杰,13837724726,37,31-45岁,女
C00368,孙丽,13858063190,16,13-18岁,女
C00369,朱涛,13899277059,17,13-18岁,男
C00370,胡静,13880108117,5,0-12岁,女
C00371,周秀英,13874713863,5,0-12岁,女
C00372,张杰,13821775760,22,19-30岁,男
C00373,周霞,13892346445,61,60岁以上,女
C00374,徐伟,13875709212,5,0-12岁,男
C00375,李娟,13899065146,30,19-30岁,男
C00376,王涛,13811405882,42,31-45岁,男
C00377,王芳,13846107894,5,0-12岁,女
C00378,陈杰,13883111105,33,31-45岁,女
C00379,杨强,13877873137,17,13-18岁,男
C00380,赵勇,13845302286,51,46-60岁,女
C00381,杨杰,13846548102,36,31-45岁,男
C00382,陈娟,13891059636,10,0-12岁,男
C00383,陈娜,13827986291,34,31-45岁,男
C00384,赵伟,13872848285,44,31-45岁,女
C00385,孙秀英,13810096752,58,46-60岁,女
C00386,张艳,13872955815,42,31-45岁,女
C00387,刘娜,13878077674,19,19-30岁,女
C00388,马芳,13842738000,15,13-18岁,男
C00389,马伟,13814824179,19,19-30岁,女
C00390,刘强,13816309853,73,60岁以上,男
C00391,朱伟,13883279841,57,46-60岁,男
C00392,周静,13821007652,64,60岁以上,男
C00393,刘静,13853587780,27,19-30岁,女
C00394,赵敏,13876023349,22,19-30岁,男
C00395,周强,13877646101,45,31-45岁,男
C00396,赵军,13888431072,64,60岁以上,男
C00397,马艳,13817072804,23,19-30岁,女
C00398,王平,13847136051,12,0-12岁,女
C00399,周敏,13883972735,39,31-45岁,女
C00400,马丽,13889793428,6,0-12岁,男
C00401,陈敏,13848745211,8,0-12岁,男
C00402,周伟,13843741207,11,0-12岁,男
C00403,胡洋,13840834719,57,46-60岁,女
C00404,周杰,13826791236,29,19-30岁,男
C00405,黄强,13833681285,50,46-60岁,女
C00406,李霞,13850377549,48,46-60岁,男
C00407,孙磊,13837854725,25,19-30岁,男
C00408,李洋,13867827257,41,31-45岁,男
C00409,朱平,13834966962,7,0-12岁,女
C00410,马敏,13885742689,13,13-18岁,女
C00411,马霞,13854376435,50,46-60岁,女
C00412,马芳,13851071560,35,31-45岁,男
C00413,杨秀英,13886299325,27,19-30岁,男
C00414,黄艳,13886939264,55,46-60岁,男
C00415,李超,13899845259,47,46-60岁,女
C00416,徐勇,13859179429,37,31-45岁,男
C00417,张娟,13820486772,5,0-12岁,男
C00418,朱明,13839648137,36,31-45岁,女
C00419,李娟,13881798967,33,31-45岁,男
C00420,杨涛,13897341845,33,31-45岁,女
C00421,孙静,13837192884,48,46-60岁,男
C00422,黄丽,13861797610,26,19-30岁,男
C00423,孙超,13874885737,11,0-12岁,女
C00424,徐军,13816896175,40,31-45岁,男
C00425,周秀英,13864482179,12,0-12岁,男
C00426,马明,13874069591,30,19-30岁,男
C00427,赵娟,13879282382,37,31-45岁,男
C00428,朱霞,13842921419,35,31-45岁,女
C00429,陈勇,13888706693,16,13-18岁,女
C00430,朱磊,13825497140,31,31-45岁,女
C00431,朱娜,13888987548,34,31-45岁,男
C00432,陈涛,13887587793,31,31-45岁,女
C00433,刘涛,13873569433,43,31-45岁,女
C00434,周平,13833855268,13,13-18岁,男
C00435,徐杰,13857987036,10,0-12岁,女
C00436,杨伟,13889616827,21,19-30岁,女
C00437,赵勇,13883944493,48,46-60岁,男
C00438,王明,13836725200,12,0-12岁,男
C00439,刘艳,13815714631,43,31-45岁,男
C00440,马军,13881779433,37,31-45岁,男
C00441,杨军,13899061775,33,31-45岁,女
C00442,胡平,13832478088,51,46-60岁,女
C00443,孙军,13880837230,35,31-45岁,女
C00444,吴伟,13859404271,21,19-30岁,男
C00445,吴强,13895998650,28,19-30岁,男
C00446,李磊,13826681147,38,31-45岁,女
C00447,孙娟,13855316330,10,0-12岁,女
C00448,赵秀英,13897549964,17,13-18岁,女
C00449,马磊,13875118504,20,19-30岁,男
C00450,孙明,13848399551,50,46-60岁,女
C00451,徐明,13828277979,12,0-12岁,女
C00452,赵伟,13895695285,25,19-30岁,女
C00453,李洋,13869786607,20,19-30岁,男
C00454,刘杰,13817807303,28,19-30岁,女
C00455,孙磊,13897141521,44,31-45岁,男
C00456,陈霞,13885696784,54,46-60岁,男
C00457,杨明,13834611685,5,0-12岁,男
C00458,吴超,13863411038,52,46-60岁,女
C00459,杨娟,13881651301,31,31-45岁,女
C00460,孙秀英,13816469789,40,31-45岁,女
C00461,杨艳,13845375558,40,31-45岁,男
C00462,孙涛,13850825183,5,0-12岁,男
C00463,陈洋,13823769706,61,60岁以上,男
C00464,陈磊,13830661022,26,19-30岁,女
C00465,李强,13882954300,40,31-45岁,男
C00466,杨敏,13895538353,51,46-60岁,男
C00467,孙秀英,13814487019,49,46-60岁,男
C00468,马丽,13863439033,18,13-18岁,男
C00469,刘强,13831596132,65,60岁以上,女
C00470,孙明,13839793649,42,31-45岁,女
C00471,陈霞,13836344983,49,46-60岁,男
C00472,马超,13861106189,49,46-60岁,女
C00473,周洋,13820131226,66,60岁以上,男
C00474,李强,13889096588,27,19-30岁,男
C00475,陈磊,13860363563,27,19-30岁,女
C00476,杨丽,13845865431,27,19-30岁,男
C00477,陈伟,13811611593,30,19-30岁,女
C00478,孙秀英,13843906997,36,31-45岁,男
C00479,王军,13864336093,54,46-60岁,男
C00480,张芳,13818679623,50,46-60岁,男
C00481,吴洋,13821691830,41,31-45岁,男
C00482,孙静,13838109667,24,19-30岁,女
C00483,徐明,13822831659,16,13-18岁,女
C00484,李伟,13830109590,68,60岁以上,男
C00485,周洋,13844716624,28,19-30岁,女
C00486,赵明,13893293097,54,46-60岁,男
C00487,赵勇,13837574920,47,46-60岁,女
C00488,王芳,13836107900,65,60岁以上,男
C00489,陈明,13889997052,27,19-30岁,女
C00490,李娜,13898957404,44,31-45岁,女
C00491,黄明,13884626105,26,19-30岁,女
C00492,李霞,13838394384,37,31-45岁,男
C00493,徐芳,13826197868,30,19-30岁,男
C00494,王静,13857135998,17,13-18岁,男
C00495,马霞,13830148896,30,19-30岁,女
C00496,陈娜,13866756347,41,31-45岁,男
C00497,刘敏,13850001671,36,31-45岁,女
C00498,吴娟,13821716591,14,13-18岁,女
C00499,周平,13864325260,6,0-12岁,女
C00500,马平,13846702753,25,19-30岁,男
C00501,刘超,13875889616,12,0-12岁,男
C00502,黄涛,13888757633,15,13-18岁,男
C00503,胡涛,13815728521,43,31-45岁,男
C00504,陈霞,13830907566,69,60岁以上,女
C00505,黄洋,13846482537,20,19-30岁,女
C00506,周平,13841377985,36,31-45岁,男
C00507,张平,13895359174,66,60岁以上,女
C00508,孙敏,13856661610,16,13-18岁,男
C00509,马强,13833246774,23,19-30岁,男
C00510,徐强,13827491781,45,31-45岁,男
C00511,陈娜,13881935976,40,31-45岁,男
C00512,王磊,13868794970,34,31-45岁,女
C00513,王秀英,13858697744,31,31-45岁,男
C00514,李丽,13865467852,85,60岁以上,女
C00515,张娟,13890873555,37,31-45岁,女
C00516,赵平,13896768239,9,0-12岁,女
C00517,赵洋,13862237971,48,46-60岁,女
C00518,张磊,13838225943,31,31-45岁,女
C00519,陈洋,13851357629,30,19-30岁,男
C00520,孙涛,13842006110,43,31-45岁,男
C00521,李磊,13846909804,40,31-45岁,男
C00522,胡军,13875096906,48,46-60岁,女
C00523,马霞,13881836248,35,31-45岁,男
C00524,徐强,13861084604,60,46-60岁,女
C00525,黄敏,13872744864,42,31-45岁,女
C00526,吴磊,13888337788,21,19-30岁,女
C00527,徐静,13816458544,12,0-12岁,男
C00528,胡军,13839903504,16,13-18岁,男
C00529,朱静,13850794348,58,46-60岁,男
C00530,李芳,13893812715,34,31-45岁,女
C00531,王洋,13820988096,20,19-30岁,男
C00532,周霞,13874167980,45,31-45岁,女
C00533,胡洋,13899157049,26,19-30岁,男
C00534,赵敏,13811552958,46,46-60岁,男
C00535,赵洋,13869258358,50,46-60岁,男
C00536,孙杰,13819489179,28,19-30岁,女
C00537,陈超,13827878374,41,31-45岁,男
C00538,吴明,13857418418,43,31-45岁,男
C00539,赵娜,13877013597,28,19-30岁,男
C00540,周芳,13855966661,14,13-18岁,女
C00541,胡娟,13814237999,28,19-30岁,男
C00542,孙勇,13827505757,34,31-45岁,女
C00543,周军,13863948880,44,31-45岁,女
C00544,张娜,13882302531,30,19-30岁,女
C00545,刘霞,13824603723,8,0-12岁,男
C00546,周伟,13812851264,30,19-30岁,男
C00547,马军,13827621040,5,0-12岁,男
C00548,周芳,13892591987,29,19-30岁,女
C00549,马丽,13841986374,52,46-60岁,男
C00550,赵超,13835243479,65,60岁以上,男
C00551,徐涛,13823488851,36,31-45岁,男
C00552,胡军,13830448368,55,46-60岁,女
C00553,王霞,13817278468,52,46-60岁,女
C00554,黄明,13824477581,44,31-45岁,男
C00555,李明,13877481405,44,31-45岁,女
C00556,杨娟,13889864740,59,46-60岁,女
C00557,杨勇,13817716525,20,19-30岁,女
C00558,徐敏,13897701193,41,31-45岁,男
C00559,朱丽,13850058429,41,31-45岁,女
C00560,杨娟,13877165875,34,31-45岁,女
C00561,孙明,13886163800,31,31-45岁,女
C00562,陈杰,13893336410,40,31-45岁,男
C00563,朱秀英,13857966093,79,60岁以上,女
C00564,张涛,13859762159,22,19-30岁,男
C00565,李勇,13813404828,29,19-30岁,女
C00566,陈勇,13864827376,21,19-30岁,男
C00567,李杰,13818553866,38,31-45岁,女
C00568,朱超,13811824112,21,19-30岁,男
C00569,朱伟,13860022356,29,19-30岁,女
C00570,徐秀英,13846289210,37,31-45岁,男
C00571,赵娟,13875884311,39,31-45岁,男
C00572,张强,13872461987,44,31-45岁,女
C00573,吴艳,13879935033,37,31-45岁,女
C00574,周明,13847449611,23,19-30岁,男
C00575,徐涛,13848081331,31,31-45岁,男
C00576,马芳,13837026889,17,13-18岁,女
C00577,刘军,13856588544,15,13-18岁,男
C00578,吴静,13817704155,60,46-60岁,女
C00579,胡洋,13813867031,38,31-45岁,女
C00580,赵明,13874015008,65,60岁以上,男
C00581,李伟,13889802998,32,31-45岁,男
C00582,徐平,13856695318,5,0-12岁,男
C00583,马磊,13875633658,53,46-60岁,男
C00584,孙丽,13831205020,28,19-30岁,女
C00585,陈秀英,13828232474,9,0-12岁,男
C00586,张秀英,13842437990,43,31-45岁,女
C00587,黄娜,13843617583,33,31-45岁,男
C00588,刘敏,13810064267,28,19-30岁,男
C00589,赵敏,13819133011,39,31-45岁,男
C00590,徐静,13828299767,5,0-12岁,女
C00591,赵洋,13820546744,12,0-12岁,男
C00592,吴军,13879808069,24,19-30岁,男
C00593,黄明,13889398833,44,31-45岁,男
C00594,赵磊,13854587591,35,31-45岁,男
C00595,赵秀英,13872681910,6,0-12岁,女
C00596,王杰,13850097628,18,13-18岁,女
C00597,刘平,13877891785,9,0-12岁,女
C00598,吴静,13834169988,8,0-12岁,男
C00599,朱娜,13848078151,33,31-45岁,女
C00600,陈娟,13842363352,43,31-45岁,女
C00601,杨超,13819462439,25,19-30岁,女
C00602,陈伟,13858571340,22,19-30岁,男
C00603,陈洋,13826277626,5,0-12岁,男
C00604,朱霞,13876527416,48,46-60岁,女
C00605,周明,13879053834,16,13-18岁,男
C00606,朱静,13835672307,13,13-18岁,女
C00607,赵秀英,13872074162,44,31-45岁,女
C00608,赵艳,13894582708,39,31-45岁,男
C00609,杨秀英,13822072960,22,19-30岁,女
C00610,马秀英,13818825761,36,31-45岁,女
C00611,黄涛,13881668929,55,46-60岁,女
C00612,胡勇,13891253454,34,31-45岁,男
C00613,朱强,13848254536,5,0-12岁,女
C00614,孙磊,13848025699,85,60岁以上,女
C00615,周杰,13813645258,42,31-45岁,男
C00616,刘娟,13828631115,61,60岁以上,男
C00617,张勇,13887426442,10,0-12岁,男
C00618,孙明,13886612724,52,46-60岁,女
C00619,孙杰,13844206845,34,31-45岁,女
C00620,黄静,13846373953,28,19-30岁,男
C00621,赵芳,13873374735,17,13-18岁,女
C00622,王超,13851528901,10,0-12岁,男
C00623,周勇,13820884363,25,19-30岁,女
C00624,朱敏,13871446668,50,46-60岁,男
C00625,朱涛,13841755897,38,31-45岁,男
C00626,李超,13884279605,37,31-45岁,男
C00627,胡涛,13811876409,43,31-45岁,男
C00628,张静,13831306242,5,0-12岁,女
C00629,黄静,13889138547,22,19-30岁,女
C00630,李明,13883557465,41,31-45岁,男
C00631,马军,13835556409,6,0-12岁,男
C00632,杨平,13839512238,21,19-30岁,女
C00633,孙杰,13837808398,49,46-60岁,男
C00634,徐娜,13833686789,31,31-45岁,女
C00635,朱勇,13884801182,5,0-12岁,女
C00636,朱秀英,13865658241,56,46-60岁,女
C00637,黄勇,13811597555,23,19-30岁,男
C00638,徐明,13892447846,38,31-45岁,男
C00639,朱秀英,13870465945,39,31-45岁,女
C00640,张平,13880168758,42,31-45岁,男
C00641,李磊,13828094167,45,31-45岁,女
C00642,徐洋,13873527056,23,19-30岁,男
C00643,刘娜,13867935523,38,31-45岁,女
C00644,黄敏,13832249389,16,13-18岁,男
C00645,马敏,13880947318,33,31-45岁,男
C00646,赵丽,13812344607,70,60岁以上,女
C00647,孙洋,13868328122,36,31-45岁,女
C00648,胡伟,13823162124,38,31-45岁,女
C00649,张勇,13823784374,52,46-60岁,男
C00650,马芳,13889357093,29,19-30岁,女
C00651,陈艳,13854244237,38,31-45岁,男
C00652,杨娟,13830053016,11,0-12岁,女
C00653,王磊,13881707469,47,46-60岁,女
C00654,吴娟,13842201539,32,31-45岁,女
C00655,周丽,13812342548,38,31-45岁,男
C00656,王丽,13852132673,32,31-45岁,女
C00657,李平,13847484173,40,31-45岁,男
C00658,朱杰,13890168011,23,19-30岁,女
C00659,周磊,13859798703,46,46-60岁,女
C00660,赵霞,13899312401,30,19-30岁,女
C00661,王磊,13842273745,13,13-18岁,女
C00662,赵军,13868183222,55,46-60岁,女
C00663,赵军,13850632524,28,19-30岁,男
C00664,徐伟,13871985025,24,19-30岁,男
C00665,胡涛,13817197516,52,46-60岁,女
C00666,胡洋,13847188395,69,60岁以上,女
C00667,徐秀英,13898359386,47,46-60岁,女
C00668,王娜,13832046345,47,46-60岁,女
C00669,赵艳,13897076223,31,31-45岁,女
C00670,周洋,13876831277,64,60岁以上,男
C00671,徐娟,13810258468,23,19-30岁,男
C00672,孙军,13896524764,24,19-30岁,女
C00673,赵洋,13877071215,55,46-60岁,女
C00674,刘杰,13836069350,44,31-45岁,女
C00675,朱明,13829463783,15,13-18岁,女
C00676,李磊,13874208557,32,31-45岁,男
C00677,黄霞,13829322757,31,31-45岁,女
C00678,杨霞,13866372116,59,46-60岁,女
C00679,陈洋,13888887474,40,31-45岁,女
C00680,张杰,13859583743,47,46-60岁,女
C00681,陈伟,13862589548,35,31-45岁,男
C00682,周芳,13881867102,40,31-45岁,男
C00683,胡平,13816191882,37,31-45岁,女
C00684,孙明,13822969436,35,31-45岁,女
C00685,朱洋,13834099199,33,31-45岁,女
C00686,马磊,13879768594,42,31-45岁,女
C00687,周艳,13869737236,39,31-45岁,女
C00688,刘强,13834687217,13,13-18岁,女
C00689,周军,13843269148,51,46-60岁,男
C00690,徐静,13859673369,5,0-12岁,女
C00691,徐敏,13854448618,24,19-30岁,女
C00692,胡芳,13821963787,48,46-60岁,男
C00693,陈涛,13831764743,48,46-60岁,女
C00694,张霞,13854224824,31,31-45岁,女
C00695,杨静,13849293765,33,31-45岁,女
C00696,李洋,13893075956,22,19-30岁,女
C00697,杨娟,13831619345,59,46-60岁,女
C00698,王强,13846994786,12,0-12岁,女
C00699,王秀英,13837808423,42,31-45岁,男
C00700,胡艳,13816607242,19,19-30岁,男
C00701,吴超,13884707297,31,31-45岁,女
C00702,胡军,13855573179,38,31-45岁,女
C00703,朱丽,13841805316,37,31-45岁,男
C00704,陈明,13816145570,52,46-60岁,男
C00705,马洋,13846074075,35,31-45岁,男
C00706,孙勇,13891207614,47,46-60岁,男
C00707,马敏,13859589445,41,31-45岁,女
C00708,赵娜,13857761824,31,31-45岁,女
C00709,王磊,13875344156,31,31-45岁,男
C00710,朱杰,13866349575,25,19-30岁,男
C00711,朱秀英,13842407028,47,46-60岁,男
C00712,杨娜,13894973749,14,13-18岁,女
C00713,马杰,13883525591,19,19-30岁,女
C00714,张军,13848116141,18,13-18岁,男
C00715,吴敏,13842735538,66,60岁以上,男
C00716,赵艳,13897124722,52,46-60岁,女
C00717,徐军,13866797579,5,0-12岁,女
C00718,周杰,13867543800,29,19-30岁,女
C00719,朱艳,13883615199,5,0-12岁,男
C00720,李磊,13829148365,37,31-45岁,女
C00721,赵伟,13826614664,54,46-60岁,男
C00722,周秀英,13816803524,51,46-60岁,男
C00723,杨平,13832922538,46,46-60岁,男
C00724,刘娜,13897522903,14,13-18岁,女
C00725,徐涛,13881064171,34,31-45岁,女
C00726,胡洋,13821518619,47,46-60岁,男
C00727,徐娟,13878713972,33,31-45岁,女
C00728,李静,13880321992,43,31-45岁,女
C00729,张芳,13874261389,35,31-45岁,男
C00730,陈明,13828559125,23,19-30岁,女
C00731,李敏,13824818256,17,13-18岁,男
C00732,刘秀英,13814514093,29,19-30岁,女
C00733,王杰,13895668951,23,19-30岁,女
C00734,赵艳,13855955559,48,46-60岁,男
C00735,徐秀英,13811392424,12,0-12岁,女
C00736,黄霞,13897087043,27,19-30岁,男
C00737,孙静,13810185821,25,19-30岁,男
C00738,胡娟,13836068846,5,0-12岁,女
C00739,徐敏,13873589319,59,46-60岁,女
C00740,朱明,13858557547,55,46-60岁,男
C00741,周娟,13873616693,25,19-30岁,女
C00742,陈芳,13871601517,5,0-12岁,女
C00743,孙艳,13848026808,35,31-45岁,男
C00744,刘涛,13881627241,41,31-45岁,女
C00745,赵磊,13873095117,18,13-18岁,男
C00746,朱艳,13825187163,16,13-18岁,男
C00747,李艳,13845543849,38,31-45岁,女
C00748,吴艳,13827422306,20,19-30岁,女
C00749,张杰,13851956178,49,46-60岁,女
C00750,陈强,13886193642,62,60岁以上,男
C00751,李涛,13822712813,44,31-45岁,女
C00752,李强,13834615120,41,31-45岁,男
C00753,徐平,13818168304,10,0-12岁,男
C00754,张芳,13829208817,62,60岁以上,男
C00755,马勇,13889679367,28,19-30岁,女
C00756,刘静,13859371369,42,31-45岁,女
C00757,马霞,13823648294,48,46-60岁,女
C00758,刘娜,13846763426,29,19-30岁,女
C00759,朱秀英,13851383424,35,31-45岁,女
C00760,刘霞,13850179560,33,31-45岁,女
C00761,刘磊,13864855164,33,31-45岁,男
C00762,杨静,13858979252,30,19-30岁,男
C00763,马平,13825512629,43,31-45岁,女
C00764,张军,13823615370,10,0-12岁,女
C00765,朱静,13829931869,51,46-60岁,女
C00766,王秀英,13816021690,22,19-30岁,女
C00767,陈丽,13887869024,10,0-12岁,男
C00768,李伟,13850273912,28,19-30岁,女
C00769,王伟,13838179636,54,46-60岁,女
C00770,杨磊,13863079933,46,46-60岁,男
C00771,周勇,13866688697,70,60岁以上,女
C00772,张丽,13888298352,21,19-30岁,男
C00773,陈芳,13859709003,5,0-12岁,男
C00774,王娟,13882964074,64,60岁以上,男
C00775,吴敏,13861031644,12,0-12岁,女
C00776,孙娜,13830681241,49,46-60岁,女
C00777,赵涛,13818026059,45,31-45岁,男
C00778,马艳,13811953187,52,46-60岁,男
C00779,吴霞,13894681060,85,60岁以上,男
C00780,李涛,13849277296,57,46-60岁,女
C00781,吴磊,13871212200,46,46-60岁,女
C00782,周芳,13838548024,24,19-30岁,男
C00783,孙超,13835948206,54,46-60岁,男
C00784,陈涛,13810867219,5,0-12岁,女
C00785,徐伟,13837732700,27,19-30岁,男
C00786,张明,13878152647,63,60岁以上,男
C00787,朱杰,13857575384,52,46-60岁,男
C00788,黄敏,13857338081,51,46-60岁,女
C00789,赵涛,13893068178,40,31-45岁,男
C00790,李娜,13832944630,19,19-30岁,男
C00791,杨平,13855076783,21,19-30岁,女
C00792,王娜,13866289328,22,19-30岁,男
C00793,王军,13873186097,59,46-60岁,男
C00794,周霞,13866185236,5,0-12岁,女
C00795,吴勇,13812046552,44,31-45岁,女
C00796,黄平,13853903687,74,60岁以上,女
C00797,吴洋,13861261816,16,13-18岁,女
C00798,赵超,13811922776,35,31-45岁,女
C00799,周娟,13883744700,42,31-45岁,男
C00800,李敏,13848937811,50,46-60岁,女
C00801,朱秀英,13877734816,30,19-30岁,女
C00802,孙强,13854341658,64,60岁以上,女
C00803,黄涛,13847645637,33,31-45岁,女
C00804,胡磊,13878019575,53,46-60岁,男
C00805,黄勇,13844069923,50,46-60岁,女
C00806,朱涛,13857805177,5,0-12岁,男
C00807,黄娟,13870791634,29,19-30岁,男
C00808,孙敏,13810029397,59,46-60岁,男
C00809,杨娟,13866268739,31,31-45岁,女
C00810,杨军,13872399026,23,19-30岁,男
C00811,杨静,13816708291,40,31-45岁,男
C00812,徐明,13861676255,40,31-45岁,男
C00813,李娜,13838544792,56,46-60岁,男
C00814,朱娜,13863308871,84,60岁以上,女
C00815,李娟,13839429411,63,60岁以上,男
C00816,李艳,13819902812,15,13-18岁,女
C00817,马静,13846458081,38,31-45岁,男
C00818,吴芳,13845164340,51,46-60岁,女
C00819,周秀英,13869448404,59,46-60岁,男
C00820,吴勇,13826297859,5,0-12岁,女
C00821,徐敏,13848013561,41,31-45岁,男
C00822,黄艳,13813701857,63,60岁以上,男
C00823,朱娟,13853345290,33,31-45岁,女
C00824,朱芳,13872047111,44,31-45岁,男
C00825,陈平,13839158957,16,13-18岁,男
C00826,陈艳,13822308647,47,46-60岁,女
C00827,李霞,13899604748,17,13-18岁,男
C00828,吴强,13820935500,60,46-60岁,女
C00829,王明,13828371689,43,31-45岁,女
C00830,刘敏,13831031365,55,46-60岁,女
C00831,杨秀英,13851727033,47,46-60岁,女
C00832,杨敏,13833782205,29,19-30岁,女
C00833,马军,13824745460,45,31-45岁,男
C00834,周磊,13873963828,53,46-60岁,男
C00835,马娟,13855947644,34,31-45岁,男
C00836,朱秀英,13811651919,32,31-45岁,女
C00837,马平,13897065804,41,31-45岁,女
C00838,周秀英,13810676660,54,46-60岁,女
C00839,张平,13880828832,66,60岁以上,男
C00840,胡军,13832587039,26,19-30岁,男
C00841,张丽,13842622338,60,46-60岁,男
C00842,陈洋,13867803827,7,0-12岁,女
C00843,胡勇,13888455383,32,31-45岁,男
C00844,杨伟,13839614226,55,46-60岁,女
C00845,王静,13847164414,45,31-45岁,女
C00846,周杰,13839043505,32,31-45岁,女
C00847,李静,13873362678,48,46-60岁,男
C00848,孙伟,13880865749,45,31-45岁,男
C00849,李超,13823192141,31,31-45岁,女
C00850,刘杰,13836908323,12,0-12岁,女
C00851,黄涛,13899963789,15,13-18岁,女
C00852,杨丽,13886059135,29,19-30岁,男
C00853,杨洋,13881296021,64,60岁以上,女
C00854,孙勇,13833877582,48,46-60岁,女
C00855,马霞,13882122262,14,13-18岁,女
C00856,周娜,13883827231,46,46-60岁,女
C00857,胡芳,13822571464,30,19-30岁,女
C00858,王丽,13877748431,29,19-30岁,女
C00859,马平,13867504856,27,19-30岁,女
C00860,张娜,13870345589,40,31-45岁,男
C00861,陈涛,13837757628,31,31-45岁,女
C00862,徐娟,13889729775,7,0-12岁,男
C00863,赵平,13893011191,50,46-60岁,男
C00864,赵娟,13818617711,23,19-30岁,男
C00865,陈强,13898282036,21,19-30岁,男
C00866,马超,13831486457,11,0-12岁,男
C00867,李艳,13885423011,34,31-45岁,女
C00868,黄敏,13883572289,19,19-30岁,女
C00869,陈霞,13841836462,41,31-45岁,男
C00870,赵超,13843183782,16,13-18岁,男
C00871,徐洋,13862081687,13,13-18岁,女
C00872,张磊,13860679080,5,0-12岁,女
C00873,黄平,13857748692,42,31-45岁,女
C00874,张伟,13834405135,5,0-12岁,男
C00875,刘洋,13814464915,34,31-45岁,女
C00876,刘静,13822347587,9,0-12岁,男
C00877,马军,13865581186,30,19-30岁,女
C00878,陈勇,13835352932,53,46-60岁,女
C00879,李伟,13828811269,35,31-45岁,女
C00880,赵娟,13871392574,59,46-60岁,女
C00881,王静,13842622445,19,19-30岁,女
C00882,黄秀英,13810526570,52,46-60岁,男
C00883,孙磊,13895977855,42,31-45岁,女
C00884,吴秀英,13854821698,27,19-30岁,男
C00885,朱艳,13888691307,44,31-45岁,女
C00886,李杰,13858204558,64,60岁以上,女
C00887,朱芳,13839859112,47,46-60岁,女
C00888,黄伟,13813363979,59,46-60岁,男
C00889,赵娜,13841296447,22,19-30岁,女
C00890,朱勇,13852048446,30,19-30岁,男
C00891,周娟,13858769102,23,19-30岁,男
C00892,周杰,13893476592,21,19-30岁,女
C00893,孙娟,13886784357,59,46-60岁,女
C00894,陈敏,13877511497,45,31-45岁,男
C00895,黄伟,13826477992,28,19-30岁,女
C00896,杨丽,13877711142,41,31-45岁,女
C00897,马平,13880695512,44,31-45岁,女
C00898,赵艳,13836962717,85,60岁以上,女
C00899,李娟,13847914871,46,46-60岁,男
C00900,朱敏,13825044308,48,46-60岁,男
C00901,刘娟,13843034113,7,0-12岁,男
C00902,周杰,13888507416,48,46-60岁,男
C00903,吴娜,13896155485,55,46-60岁,男
C00904,黄洋,13891009684,38,31-45岁,女
C00905,孙勇,13853227999,62,60岁以上,男
C00906,刘勇,13882822874,37,31-45岁,女
C00907,马丽,13820518538,65,60岁以上,女
C00908,李超,13873203105,54,46-60岁,男
C00909,徐敏,13822516366,43,31-45岁,男
C00910,吴超,13872266305,70,60岁以上,男
C00911,刘艳,13858915992,27,19-30岁,男
C00912,杨静,13838637603,20,19-30岁,男
C00913,刘敏,13811838755,46,46-60岁,男
C00914,王军,13877979728,31,31-45岁,女
C00915,刘丽,13890025247,11,0-12岁,女
C00916,周静,13843541270,50,46-60岁,男
C00917,马娜,13873053398,27,19-30岁,男
C00918,王明,13882995182,45,31-45岁,男
C00919,赵霞,13857654970,32,31-45岁,男
C00920,马霞,13865521627,17,13-18岁,男
C00921,赵霞,13833416884,39,31-45岁,女
C00922,徐平,13812493925,65,60岁以上,女
C00923,杨勇,13836728279,13,13-18岁,男
C00924,王涛,13896622987,30,19-30岁,女
C00925,李明,13884095440,69,60岁以上,女
C00926,赵洋,13847837646,38,31-45岁,男
C00927,马军,13827161310,30,19-30岁,男
C00928,周芳,13855382260,38,31-45岁,女
C00929,杨超,13886169551,40,31-45岁,男
C00930,李洋,13868983011,30,19-30岁,男
C00931,赵涛,13870788036,40,31-45岁,女
C00932,张芳,13849613504,41,31-45岁,男
C00933,杨洋,13876862587,22,19-30岁,男
C00934,李娜,13818966558,48,46-60岁,男
C00935,周平,13878372449,35,31-45岁,女
C00936,吴杰,13851179869,38,31-45岁,女
C00937,赵霞,13869045624,26,19-30岁,女
C00938,吴芳,13898481165,42,31-45岁,男
C00939,赵霞,13875098693,57,46-60岁,男
C00940,徐强,13845808962,33,31-45岁,女
C00941,杨平,13889841406,19,19-30岁,女
C00942,赵超,13871698982,23,19-30岁,男
C00943,王芳,13872897928,14,13-18岁,女
C00944,赵敏,13885665670,29,19-30岁,女
C00945,马勇,13829392635,24,19-30岁,女
C00946,孙娜,13872652895,39,31-45岁,男
C00947,吴丽,13820736184,51,46-60岁,男
C00948,张磊,13883312956,32,31-45岁,男
C00949,孙涛,13893785827,13,13-18岁,女
C00950,赵超,13855243284,27,19-30岁,女
C00951,吴平,13848544558,29,19-30岁,男
C00952,王艳,13848477726,23,19-30岁,女
C00953,杨洋,13881195066,39,31-45岁,男
C00954,黄娟,13898496316,47,46-60岁,女
C00955,马勇,13885497316,14,13-18岁,女
C00956,徐平,13890692657,5,0-12岁,男
C00957,张勇,13830539479,39,31-45岁,男
C00958,李勇,13824477009,28,19-30岁,女
C00959,李秀英,13836717519,47,46-60岁,男
C00960,徐杰,13841774722,5,0-12岁,女
C00961,陈军,13818081725,15,13-18岁,女
C00962,孙平,13887012216,56,46-60岁,男
C00963,朱静,13866348483,22,19-30岁,男
C00964,杨娜,13812242814,50,46-60岁,男
C00965,周静,13839313971,31,31-45岁,男
C00966,胡艳,13884153415,52,46-60岁,男
C00967,陈杰,13877822048,46,46-60岁,女
C00968,王平,13893078905,50,46-60岁,男
C00969,孙娜,13883815780,46,46-60岁,男
C00970,陈秀英,13847923941,25,19-30岁,女
C00971,黄勇,13871976450,32,31-45岁,男
C00972,朱静,13868742553,48,46-60岁,女
C00973,徐超,13894307447,22,19-30岁,女
C00974,李娟,13868777785,53,46-60岁,男
C00975,吴艳,13829025670,78,60岁以上,男
C00976,张艳,13830591140,58,46-60岁,女
C00977,陈丽,13854712827,24,19-30岁,女
C00978,刘勇,13869561089,46,46-60岁,男
C00979,马明,13875436901,5,0-12岁,女
C00980,刘磊,13871248347,24,19-30岁,女
C00981,王静,13865558954,5,0-12岁,男
C00982,李洋,13840925159,22,19-30岁,男
C00983,朱敏,13859335926,36,31-45岁,男
C00984,吴秀英,13839655319,50,46-60岁,女
C00985,朱超,13829097364,63,60岁以上,男
C00986,张勇,13816911931,19,19-30岁,男
C00987,胡平,13873824406,40,31-45岁,女
C00988,王平,13820322311,20,19-30岁,女
C00989,黄静,13877814748,15,13-18岁,男
C00990,王丽,13828596929,29,19-30岁,男
C00991,朱平,13896816308,16,13-18岁,女
C00992,马丽,13812876953,35,31-45岁,男
C00993,孙涛,13891516983,73,60岁以上,女
C00994,张娟,13884691244,17,13-18岁,男
C00995,杨磊,13895324398,23,19-30岁,男
C00996,赵平,13894973654,27,19-30岁,男
C00997,陈涛,13856546300,9,0-12岁,女
C00998,刘秀英,13865057553,34,31-45岁,男
C00999,刘洋,13868562015,47,46-60岁,女
C01000,马明,13897453350,34,31-45岁,男
C01001,胡强,13855637897,40,31-45岁,男
C01002,杨霞,13866726593,17,13-18岁,女
C01003,赵涛,13828819713,17,13-18岁,男
C01004,马洋,13848096807,30,19-30岁,男
C01005,马杰,13824096197,15,13-18岁,男
C01006,吴超,13897183172,69,60岁以上,男
C01007,黄丽,13888254981,47,46-60岁,女
C01008,朱强,13854277135,5,0-12岁,女
C01009,马平,13886979386,6,0-12岁,男
C01010,王军,13890445218,50,46-60岁,男
C01011,张明,13868746581,30,19-30岁,男
C01012,朱艳,13847898148,44,31-45岁,女
C01013,吴敏,13889404866,33,31-45岁,男
C01014,孙超,13816157911,5,0-12岁,女
C01015,朱敏,13862293237,18,13-18岁,女
C01016,陈娜,13819357394,59,46-60岁,女
C01017,马丽,13887744861,37,31-45岁,女
C01018,陈涛,13859325603,51,46-60岁,男
C01019,胡超,13887545078,27,19-30岁,女
C01020,王娟,13850423575,5,0-12岁,女
C01021,李磊,13886049320,57,46-60岁,男
C01022,朱涛,13884935103,41,31-45岁,男
C01023,胡艳,13865948531,41,31-45岁,女
C01024,胡伟,13826444144,18,13-18岁,女
C01025,黄芳,13873314512,37,31-45岁,男
C01026,黄超,13831586162,31,31-45岁,男
C01027,杨磊,13812988244,34,31-45岁,女
C01028,黄娜,13853063799,17,13-18岁,男
C01029,杨磊,13828023657,56,46-60岁,女
C01030,张勇,13839491941,76,60岁以上,女
C01031,胡敏,13824664957,17,13-18岁,女
C01032,朱勇,13812625362,42,31-45岁,女
C01033,马静,13826526540,22,19-30岁,男
C01034,王芳,13815995815,55,46-60岁,男
C01035,陈明,13865997448,48,46-60岁,女
C01036,孙静,13883829982,53,46-60岁,男
C01037,马明,13819208008,5,0-12岁,女
C01038,赵平,13833814618,51,46-60岁,女
C01039,张娜,13819461506,14,13-18岁,女
C01040,张军,13877199435,5,0-12岁,男
C01041,刘静,13845902192,5,0-12岁,男
C01042,吴平,13824641390,13,13-18岁,女
C01043,吴娟,13822112539,19,19-30岁,女
C01044,李洋,13896939921,25,19-30岁,男
C01045,刘洋,13853861919,32,31-45岁,女
C01046,李芳,13899476930,27,19-30岁,女
C01047,刘娟,13815072436,31,31-45岁,男
C01048,徐平,13897508354,49,46-60岁,男
C01049,赵娜,13860379111,43,31-45岁,女
C01050,李明,13847158837,77,60岁以上,男
C01051,周秀英,13824787396,9,0-12岁,男
C01052,张超,13814413646,16,13-18岁,男
C01053,周磊,13836459210,62,60岁以上,女
C01054,孙静,13889336476,6,0-12岁,男
C01055,陈娟,13844941904,44,31-45岁,女
C01056,张平,13821849938,58,46-60岁,男
C01057,杨磊,13849561171,70,60岁以上,男
C01058,周娟,13833061421,20,19-30岁,男
C01059,王娜,13856757748,24,19-30岁,男
C01060,吴艳,13824734243,33,31-45岁,女
C01061,李超,13868826982,5,0-12岁,女
C01062,吴超,13894159411,7,0-12岁,男
C01063,马超,13875598620,27,19-30岁,女
C01064,吴伟,13866734124,34,31-45岁,女
C01065,黄明,13848549134,47,46-60岁,男
C01066,张杰,13865063395,14,13-18岁,男
C01067,杨军,13843651588,5,0-12岁,女
C01068,孙伟,13841387663,60,46-60岁,女
C01069,杨娜,13815569022,35,31-45岁,女
C01070,杨磊,13845674899,13,13-18岁,男
C01071,孙敏,13828137256,45,31-45岁,女
C01072,马霞,13833132231,44,31-45岁,女
C01073,孙勇,13826894917,26,19-30岁,男
C01074,王芳,13839364862,31,31-45岁,女
C01075,杨秀英,13866494261,40,31-45岁,男
C01076,杨丽,13828192342,37,31-45岁,女
C01077,朱涛,13852067280,14,13-18岁,男
C01078,孙明,13882351813,66,60岁以上,女
C01079,徐丽,13836534340,44,31-45岁,男
C01080,马静,13821419558,36,31-45岁,男
C01081,李涛,13852705683,18,13-18岁,男
C01082,张洋,13827844510,38,31-45岁,女
C01083,刘芳,13856588082,35,31-45岁,女
C01084,马强,13886078669,35,31-45岁,男
C01085,胡芳,13898902312,24,19-30岁,女
C01086,杨洋,13839384197,49,46-60岁,男
C01087,吴杰,13866022191,20,19-30岁,女
C01088,朱秀英,13823667453,42,31-45岁,男
C01089,赵军,13898763887,58,46-60岁,男
C01090,张强,13850863261,46,46-60岁,女
C01091,陈艳,13860142375,24,19-30岁,男
C01092,朱芳,13814904729,13,13-18岁,女
C01093,朱勇,13860142882,33,31-45岁,女
C01094,陈敏,13865854159,12,0-12岁,女
C01095,马艳,13820733387,34,31-45岁,女
C01096,黄杰,13853403156,32,31-45岁,男
C01097,孙涛,13877722627,36,31-45岁,女
C01098,胡杰,13880802985,9,0-12岁,男
C01099,杨丽,13832968164,34,31-45岁,女
C01100,赵明,13870602677,30,19-30岁,男
C01101,杨超,13822486650,38,31-45岁,女
C01102,陈娜,13880367487,16,13-18岁,女
C01103,孙娟,13834765603,34,31-45岁,男
C01104,李娟,13845531220,35,31-45岁,女
C01105,周丽,13866188209,63,60岁以上,男
C01106,吴洋,13828718915,27,19-30岁,女
C01107,杨敏,13892368813,14,13-18岁,女
C01108,李勇,13882378016,5,0-12岁,男
C01109,徐洋,13860515476,8,0-12岁,女
C01110,陈涛,13815152191,36,31-45岁,女
C01111,周娟,13817877222,33,31-45岁,女
C01112,王涛,13848414676,52,46-60岁,女
C01113,杨涛,13885335616,46,46-60岁,男
C01114,张艳,13867308465,28,19-30岁,女
C01115,周娟,13886759264,71,60岁以上,女
C01116,陈芳,13815711790,35,31-45岁,女
C01117,李杰,13832445086,7,0-12岁,男
C01118,杨超,13817988601,9,0-12岁,男
C01119,马丽,13817312129,33,31-45岁,女
C01120,张静,13839339516,43,31-45岁,男
C01121,朱平,13823904389,7,0-12岁,女
C01122,徐涛,13832634432,23,19-30岁,男
C01123,张静,13873268088,42,31-45岁,女
C01124,李磊,13867318686,39,31-45岁,男
C01125,马艳,13861095327,37,31-45岁,女
C01126,杨杰,13847937738,36,31-45岁,女
C01127,周芳,13876914992,49,46-60岁,女
C01128,周静,13819137358,27,19-30岁,女
C01129,徐涛,13880375994,27,19-30岁,男
C01130,杨艳,13863087221,32,31-45岁,男
C01131,赵娜,13828948389,39,31-45岁,女
C01132,周静,13873224183,24,19-30岁,男
C01133,吴艳,13823359181,53,46-60岁,男
C01134,黄勇,13813784829,50,46-60岁,男
C01135,徐军,13841584624,33,31-45岁,女
C01136,刘敏,13864177004,34,31-45岁,女
C01137,张丽,13868181382,61,60岁以上,男
C01138,赵超,13824127146,5,0-12岁,女
C01139,黄秀英,13839396969,56,46-60岁,男
C01140,李军,13858134569,54,46-60岁,男
C01141,马军,13879478943,36,31-45岁,女
C01142,孙涛,13857976068,38,31-45岁,男
C01143,刘平,13829077924,25,19-30岁,女
C01144,陈明,13851748265,59,46-60岁,男
C01145,刘敏,13847755645,25,19-30岁,男
C01146,王娜,13854353644,34,31-45岁,男
C01147,赵丽,13884409633,42,31-45岁,男
C01148,胡涛,13815967054,50,46-60岁,男
C01149,李勇,13825517852,49,46-60岁,女
C01150,徐艳,13869539456,32,31-45岁,女
C01151,孙娜,13837213925,5,0-12岁,女
C01152,吴秀英,13881047240,36,31-45岁,女
C01153,陈洋,13884502706,15,13-18岁,女
C01154,朱丽,13821284510,20,19-30岁,男
C01155,孙丽,13837414020,33,31-45岁,女
C01156,马艳,13893621294,26,19-30岁,女
C01157,吴磊,13814983809,40,31-45岁,女
C01158,李强,13847793118,42,31-45岁,女
C01159,马静,13876379243,39,31-45岁,女
C01160,刘明,13828203964,5,0-12岁,女
C01161,张艳,13884658602,27,19-30岁,男
C01162,吴霞,13841997103,50,46-60岁,男
C01163,杨涛,13892746077,37,31-45岁,女
C01164,马秀英,13889959802,14,13-18岁,男
C01165,王平,13831737568,41,31-45岁,女
C01166,胡娜,13870808325,34,31-45岁,男
C01167,李洋,13854932230,15,13-18岁,女
C01168,黄明,13823012910,15,13-18岁,男
C01169,吴娟,13837577464,43,31-45岁,女
C01170,马娟,13873629683,26,19-30岁,男
C01171,朱霞,13815856823,8,0-12岁,女
C01172,李静,13815344462,33,31-45岁,男
C01173,杨娜,13879576325,17,13-18岁,女
C01174,赵涛,13895185703,16,13-18岁,女
C01175,徐超,13828616269,25,19-30岁,女
C01176,杨静,13893201437,18,13-18岁,男
C01177,胡秀英,13819016398,58,46-60岁,女
C01178,徐霞,13876044918,27,19-30岁,女
C01179,王静,13897589895,28,19-30岁,男
C01180,黄超,13841408996,32,31-45岁,女
C01181,胡芳,13899978798,35,31-45岁,男
C01182,朱敏,13890924225,58,46-60岁,女
C01183,吴静,13837287726,60,46-60岁,女
C01184,陈丽,13874304114,59,46-60岁,男
C01185,王勇,13835654174,12,0-12岁,女
C01186,胡磊,13841615321,15,13-18岁,女
C01187,杨超,13850786801,6,0-12岁,女
C01188,胡洋,13851519911,40,31-45岁,女
C01189,朱娜,13868404565,54,46-60岁,男
C01190,陈强,13824659321,26,19-30岁,男
C01191,徐秀英,13846728382,5,0-12岁,男
C01192,陈静,13819927858,44,31-45岁,男
C01193,徐洋,13842375136,9,0-12岁,男
C01194,周秀英,13857045823,45,31-45岁,女
C01195,李超,13881274720,34,31-45岁,男
C01196,徐丽,13852127961,31,31-45岁,女
C01197,周霞,13837081924,46,46-60岁,女
C01198,王丽,13890441912,20,19-30岁,男
C01199,徐平,13845041156,15,13-18岁,男
C01200,孙平,13885058162,8,0-12岁,女
C01201,杨霞,13882461154,52,46-60岁,男
C01202,张伟,13819965626,39,31-45岁,男
C01203,李芳,13888537481,70,60岁以上,女
C01204,徐霞,13817865368,32,31-45岁,男
C01205,陈强,13898346994,5,0-12岁,女
C01206,马霞,13898574426,23,19-30岁,女
C01207,黄平,13833498011,43,31-45岁,女
C01208,徐伟,13822127965,58,46-60岁,男
C01209,赵秀英,13835111143,32,31-45岁,男
C01210,陈洋,13842285582,24,19-30岁,男
C01211,赵磊,13837135185,14,13-18岁,女
C01212,马杰,13883285633,43,31-45岁,男
C01213,陈涛,13810673506,19,19-30岁,女
C01214,李芳,13866805825,30,19-30岁,女
C01215,王涛,13880676091,16,13-18岁,男
C01216,黄明,13824807230,50,46-60岁,男
C01217,赵强,13864997273,52,46-60岁,男
C01218,杨平,13868187701,43,31-45岁,女
C01219,王勇,13892693831,50,46-60岁,男
C01220,朱勇,13825329429,48,46-60岁,男
C01221,孙艳,13841229167,53,46-60岁,男
C01222,黄静,13887272797,25,19-30岁,男
C01223,马艳,13811422410,59,46-60岁,男
C01224,吴秀英,13815344364,15,13-18岁,男
C01225,李勇,13855002172,27,19-30岁,女
C01226,刘涛,13855179007,21,19-30岁,女
C01227,李军,13886704723,19,19-30岁,男
C01228,赵磊,13843091545,54,46-60岁,男
C01229,王敏,13818824840,24,19-30岁,女
C01230,张洋,13856116204,41,31-45岁,女
C01231,黄平,13818651773,36,31-45岁,男
C01232,黄磊,13845187795,37,31-45岁,女
C01233,朱丽,13817392545,5,0-12岁,女
C01234,朱勇,13861277947,41,31-45岁,男
C01235,胡霞,13881244732,69,60岁以上,男
C01236,孙勇,13896697998,21,19-30岁,女
C01237,刘丽,13822698868,56,46-60岁,男
C01238,赵超,13836036961,19,19-30岁,女
C01239,赵明,13894336682,35,31-45岁,男
C01240,胡洋,13890846367,30,19-30岁,男
C01241,赵伟,13899929119,28,19-30岁,女
C01242,李杰,13817557495,5,0-12岁,女
C01243,吴涛,13820168347,29,19-30岁,男
C01244,刘强,13892165938,25,19-30岁,女
C01245,周艳,13895346918,9,0-12岁,男
C01246,张芳,13874018072,5,0-12岁,男
C01247,陈明,13881645497,53,46-60岁,男
C01248,周明,13831357727,40,31-45岁,男
C01249,陈秀英,13896279368,20,19-30岁,女
C01250,张敏,13842574235,30,19-30岁,女
C01251,黄静,13873535957,37,31-45岁,女
C01252,胡军,13843816839,5,0-12岁,男
C01253,孙艳,13810046533,50,46-60岁,男
C01254,马杰,13863787233,34,31-45岁,女
C01255,杨芳,13821315763,39,31-45岁,女
C01256,黄芳,13860927022,27,19-30岁,女
C01257,周秀英,13894456307,16,13-18岁,女
C01258,刘艳,13840446636,38,31-45岁,男
C01259,吴洋,13816546481,17,13-18岁,男
C01260,李杰,13827986159,51,46-60岁,男
C01261,吴涛,13828767154,51,46-60岁,女
C01262,马秀英,13855164734,8,0-12岁,男
C01263,陈平,13853143508,13,13-18岁,男
C01264,徐平,13883111989,33,31-45岁,女
C01265,李静,13879649075,65,60岁以上,男
C01266,李杰,13894472007,5,0-12岁,男
C01267,杨勇,13838035379,5,0-12岁,女
C01268,吴艳,13893881877,37,31-45岁,男
C01269,马静,13897613637,23,19-30岁,男
C01270,刘平,13896133883,5,0-12岁,女
C01271,吴杰,13841729959,45,31-45岁,女
C01272,吴芳,13875201654,12,0-12岁,女
C01273,张芳,13854023569,32,31-45岁,男
C01274,王勇,13849859167,23,19-30岁,男
C01275,马明,13851961572,9,0-12岁,女
C01276,吴涛,13880825002,25,19-30岁,女
C01277,王平,13829979963,11,0-12岁,女
C01278,胡超,13884225524,50,46-60岁,男
C01279,王勇,13887953793,42,31-45岁,男
C01280,胡平,13839118952,31,31-45岁,男
C01281,杨丽,13862899102,37,31-45岁,男
C01282,黄平,13865657437,23,19-30岁,女
C01283,孙洋,13818353262,31,31-45岁,男
C01284,周勇,13855674815,27,19-30岁,女
C01285,吴超,13862873607,33,31-45岁,男
C01286,吴明,13850225784,28,19-30岁,女
C01287,孙霞,13880548706,59,46-60岁,男
C01288,陈明,13855734491,41,31-45岁,女
C01289,朱伟,13899456755,49,46-60岁,男
C01290,杨勇,13823346588,42,31-45岁,男
C01291,徐敏,13843177811,30,19-30岁,男
C01292,黄霞,13880604057,40,31-45岁,女
C01293,陈伟,13873495157,56,46-60岁,女
C01294,周明,13892101364,63,60岁以上,男
C01295,陈霞,13851504039,55,46-60岁,女
C01296,周磊,13814527537,27,19-30岁,男
C01297,孙芳,13885727747,59,46-60岁,女
C01298,周明,13841499276,17,13-18岁,女
C01299,王超,13883384555,47,46-60岁,女
C01300,徐平,13861117752,32,31-45岁,女
C01301,马杰,13859925025,36,31-45岁,女
C01302,王磊,13892835222,5,0-12岁,男
C01303,张霞,13828126724,52,46-60岁,女
C01304,孙敏,13890322410,37,31-45岁,女
C01305,刘伟,13853321997,16,13-18岁,男
C01306,赵勇,13870996555,5,0-12岁,男
C01307,黄静,13871026490,33,31-45岁,男
C01308,黄强,13866163248,54,46-60岁,男
C01309,黄超,13853789449,35,31-45岁,男
C01310,马平,13865856492,45,31-45岁,女
C01311,胡明,13875674459,43,31-45岁,女
C01312,朱芳,13888371203,29,19-30岁,女
C01313,孙静,13826875109,33,31-45岁,男
C01314,吴强,13861761722,32,31-45岁,女
C01315,吴勇,13863989400,58,46-60岁,女
C01316,徐明,13819196819,24,19-30岁,女
C01317,吴杰,13820994392,5,0-12岁,男
C01318,杨丽,13877842545,51,46-60岁,男
C01319,赵秀英,13881946851,5,0-12岁,女
C01320,杨秀英,13816781988,45,31-45岁,男
C01321,杨军,13862816027,49,46-60岁,男
C01322,周明,13876543440,33,31-45岁,女
C01323,刘磊,13845394483,48,46-60岁,男
C01324,陈秀英,13873783765,29,19-30岁,女
C01325,陈磊,13843825163,51,46-60岁,女
C01326,陈洋,13868166470,18,13-18岁,女
C01327,孙强,13875236003,16,13-18岁,女
C01328,孙明,13876063064,24,19-30岁,男
C01329,杨明,13884193042,55,46-60岁,男
C01330,杨秀英,13811181709,52,46-60岁,女
C01331,胡军,13854218857,63,60岁以上,男
C01332,陈敏,13870827658,18,13-18岁,男
C01333,周秀英,13864954209,24,19-30岁,男
C01334,黄杰,13866486171,14,13-18岁,男
C01335,朱艳,13845574587,64,60岁以上,女
C01336,马静,13853548160,22,19-30岁,男
C01337,陈芳,13841277763,19,19-30岁,男
C01338,陈娜,13843951845,59,46-60岁,男
C01339,杨涛,13863601354,15,13-18岁,女
C01340,徐军,13838174832,43,31-45岁,女
C01341,孙明,13835813486,23,19-30岁,女
C01342,刘强,13834439919,25,19-30岁,女
C01343,朱秀英,13825486065,37,31-45岁,男
C01344,陈秀英,13871834957,18,13-18岁,女
C01345,孙军,13897089714,31,31-45岁,女
C01346,王敏,13831644945,5,0-12岁,女
C01347,周霞,13859345076,27,19-30岁,男
C01348,刘磊,13848807559,34,31-45岁,女
C01349,张超,13875392574,33,31-45岁,女
C01350,刘磊,13890604990,23,19-30岁,男
C01351,张敏,13828758768,46,46-60岁,男
C01352,黄勇,13849329240,45,31-45岁,女
C01353,孙明,13838336285,65,60岁以上,男
C01354,李静,13886455777,5,0-12岁,男
C01355,张秀英,13887772932,38,31-45岁,男
C01356,胡丽,13869564446,18,13-18岁,男
C01357,黄明,13849334385,41,31-45岁,女
C01358,赵强,13890891564,24,19-30岁,男
C01359,马洋,13846367030,56,46-60岁,男
C01360,杨洋,13813508314,27,19-30岁,女
C01361,徐芳,13832268206,50,46-60岁,女
C01362,胡娜,13881707207,10,0-12岁,女
C01363,徐霞,13851615042,5,0-12岁,女
C01364,刘秀英,13896383658,16,13-18岁,女
C01365,孙芳,13882108653,50,46-60岁,女
C01366,胡丽,13820745305,21,19-30岁,男
C01367,黄丽,13838242211,56,46-60岁,女
C01368,胡芳,13841851501,41,31-45岁,女
C01369,朱杰,13813861969,46,46-60岁,女
C01370,马明,13868204052,30,19-30岁,女
C01371,王洋,13853661122,28,19-30岁,男
C01372,胡芳,13847279450,32,31-45岁,女
C01373,张洋,13811489001,32,31-45岁,女
C01374,周平,13847499186,52,46-60岁,男
C01375,李勇,13867289677,31,31-45岁,男
C01376,陈涛,13829827996,44,31-45岁,女
C01377,徐秀英,13891756785,5,0-12岁,女
C01378,吴明,13855978759,21,19-30岁,女
C01379,胡静,13818384815,27,19-30岁,男
C01380,朱超,13857095507,12,0-12岁,男
C01381,赵军,13856985311,5,0-12岁,女
C01382,刘敏,13825642840,41,31-45岁,女
C01383,杨丽,13876971282,63,60岁以上,女
C01384,孙涛,13838813970,44,31-45岁,女
C01385,徐军,13810669828,14,13-18岁,男
C01386,孙丽,13815644670,43,31-45岁,女
C01387,张勇,13856312235,34,31-45岁,女
C01388,马洋,13879067016,72,60岁以上,男
C01389,周强,13863356077,46,46-60岁,女
C01390,王平,13890893892,47,46-60岁,男
C01391,朱杰,13876832507,42,31-45岁,女
C01392,朱娟,13830634642,24,19-30岁,女
C01393,吴勇,13850659014,24,19-30岁,女
C01394,李杰,13826032322,26,19-30岁,女
C01395,徐敏,13830963208,5,0-12岁,男
C01396,王静,13881697014,29,19-30岁,男
C01397,赵勇,13898672823,34,31-45岁,女
C01398,胡磊,13840724259,43,31-45岁,男
C01399,张军,13830405534,24,19-30岁,男
C01400,黄磊,13828493642,30,19-30岁,女
C01401,赵军,13867958633,14,13-18岁,男
C01402,杨洋,13888486009,44,31-45岁,女
C01403,周霞,13825822308,56,46-60岁,男
C01404,张军,13826208503,55,46-60岁,女
C01405,徐艳,13877041100,30,19-30岁,男
C01406,孙磊,13852711237,15,13-18岁,男
C01407,张敏,13870733542,15,13-18岁,女
C01408,赵洋,13825371754,47,46-60岁,男
C01409,王杰,13865075235,40,31-45岁,女
C01410,徐超,13894618926,40,31-45岁,男
C01411,胡洋,13841459553,19,19-30岁,女
C01412,孙敏,13850675195,37,31-45岁,女
C01413,徐洋,13875335727,26,19-30岁,女
C01414,杨平,13849326560,16,13-18岁,男
C01415,刘磊,13877135207,49,46-60岁,女
C01416,王明,13881419652,37,31-45岁,男
C01417,王涛,13848765615,39,31-45岁,女
C01418,孙平,13873795652,36,31-45岁,女
C01419,杨娟,13815413161,25,19-30岁,男
C01420,孙秀英,13855693744,19,19-30岁,男
C01421,胡明,13856752560,31,31-45岁,女
C01422,马秀英,13864193722,20,19-30岁,女
C01423,马强,13818089363,28,19-30岁,男
C01424,马磊,13860739012,31,31-45岁,女
C01425,徐平,13817674895,66,60岁以上,男
C01426,朱娜,13883292790,26,19-30岁,男
C01427,吴涛,13830731312,37,31-45岁,女
C01428,吴艳,13863171810,35,31-45岁,男
C01429,李霞,13881293705,17,13-18岁,男
C01430,李芳,13816151947,50,46-60岁,男
C01431,朱秀英,13846971490,28,19-30岁,女
C01432,胡超,13859879733,43,31-45岁,女
C01433,刘霞,13854237870,60,46-60岁,女
C01434,吴静,13891593073,25,19-30岁,男
C01435,王勇,13888675264,9,0-12岁,男
C01436,朱超,13887769558,37,31-45岁,女
C01437,赵敏,13861917875,14,13-18岁,男
C01438,徐强,13888566401,27,19-30岁,女
C01439,孙霞,13899894215,23,19-30岁,女
C01440,赵娜,13839764737,36,31-45岁,男
C01441,胡超,13877891677,27,19-30岁,男
C01442,赵芳,13857532946,22,19-30岁,女
C01443,赵静,13855414257,22,19-30岁,女
C01444,吴娟,13858692561,38,31-45岁,女
C01445,赵霞,13867821943,47,46-60岁,男
C01446,张秀英,13816007376,73,60岁以上,男
C01447,赵洋,13841238064,30,19-30岁,女
C01448,孙伟,13822096153,33,31-45岁,男
C01449,黄军,13886109895,29,19-30岁,女
C01450,朱伟,13833704281,33,31-45岁,女
C01451,孙强,13877941120,43,31-45岁,女
C01452,周娜,13819645224,16,13-18岁,女
C01453,张娟,13895246249,50,46-60岁,男
C01454,杨娜,13841701355,39,31-45岁,女
C01455,吴芳,13820133024,43,31-45岁,男
C01456,胡娜,13867911754,41,31-45岁,男
C01457,胡明,13856012460,29,19-30岁,女
C01458,张洋,13824168766,39,31-45岁,男
C01459,黄丽,13815559547,36,31-45岁,男
C01460,马静,13820403686,14,13-18岁,女
C01461,马娟,13853266835,14,13-18岁,男
C01462,杨杰,13833493773,23,19-30岁,女
C01463,赵杰,13860574998,39,31-45岁,女
C01464,黄娜,13846776796,11,0-12岁,女
C01465,徐秀英,13824005071,39,31-45岁,女
C01466,王艳,13837868169,85,60岁以上,女
C01467,李丽,13884225133,5,0-12岁,女
C01468,吴杰,13844573975,73,60岁以上,男
C01469,吴静,13818185868,52,46-60岁,女
C01470,孙磊,13887271920,25,19-30岁,男
C01471,朱伟,13830178957,57,46-60岁,男
C01472,马伟,13857927830,47,46-60岁,男
C01473,陈涛,13845432781,46,46-60岁,女
C01474,徐秀英,13832631211,38,31-45岁,女
C01475,黄秀英,13890449169,32,31-45岁,女
C01476,黄磊,13817275975,20,19-30岁,女
C01477,刘涛,13881352009,42,31-45岁,女
C01478,杨静,13884924401,23,19-30岁,女
C01479,陈强,13897197617,17,13-18岁,女
C01480,胡敏,13896242176,39,31-45岁,男
C01481,张娟,13832335700,5,0-12岁,男
C01482,周伟,13869068860,27,19-30岁,女
C01483,刘强,13879448910,15,13-18岁,女
C01484,李敏,13820962951,5,0-12岁,女
C01485,周芳,13887999804,7,0-12岁,女
C01486,赵平,13888755439,42,31-45岁,女
C01487,徐芳,13853174454,19,19-30岁,男
C01488,刘芳,13820308906,25,19-30岁,女
C01489,黄涛,13891068151,5,0-12岁,男
C01490,刘秀英,13879525055,48,46-60岁,男
C01491,刘芳,13855325924,29,19-30岁,男
C01492,王超,13870858734,38,31-45岁,女
C01493,陈磊,13894284253,46,46-60岁,男
C01494,朱霞,13817663681,20,19-30岁,男
C01495,杨霞,13845131495,24,19-30岁,男
C01496,周勇,13868223072,19,19-30岁,男
C01497,刘洋,13873705415,34,31-45岁,男
C01498,胡静,13869936021,50,46-60岁,男
C01499,徐超,13860857546,45,31-45岁,男
C01500,刘娟,13819383510,46,46-60岁,女
C01501,陈军,13851799405,24,19-30岁,女
C01502,张秀英,13848621058,17,13-18岁,女
C01503,周丽,13893144345,5,0-12岁,男
C01504,徐娟,13815614981,25,19-30岁,女
C01505,吴明,13880959266,44,31-45岁,男
C01506,张艳,13892126330,37,31-45岁,女
C01507,徐杰,13886472174,49,46-60岁,男
C01508,马超,13897125466,34,31-45岁,女
C01509,杨娟,13881119434,10,0-12岁,男
C01510,黄静,13882622541,53,46-60岁,女
C01511,陈杰,13863562857,12,0-12岁,男
C01512,王秀英,13895983972,39,31-45岁,男
C01513,赵磊,13884509420,22,19-30岁,男
C01514,朱磊,13823138847,52,46-60岁,女
C01515,陈静,13813203321,19,19-30岁,女
C01516,马涛,13864322386,43,31-45岁,男
C01517,胡芳,13886375841,21,19-30岁,男
C01518,吴娟,13848674793,63,60岁以上,男
C01519,黄秀英,13831654308,46,46-60岁,女
C01520,吴静,13890678642,53,46-60岁,女
C01521,黄磊,13841745782,29,19-30岁,男
C01522,陈强,13884604078,25,19-30岁,女
C01523,杨娜,13835235581,26,19-30岁,女
C01524,胡涛,13830012387,14,13-18岁,男
C01525,朱艳,13870357523,49,46-60岁,女
C01526,李秀英,13818342724,37,31-45岁,男
C01527,孙强,13835681209,48,46-60岁,男
C01528,张军,13832201233,19,19-30岁,男
C01529,黄平,13841103166,37,31-45岁,男
C01530,周芳,13861932214,19,19-30岁,男
C01531,朱娜,13861412794,33,31-45岁,男
C01532,刘霞,13865786551,53,46-60岁,女
C01533,孙秀英,13842934329,52,46-60岁,女
C01534,刘明,13889371224,9,0-12岁,女
C01535,刘勇,13881732259,60,46-60岁,女
C01536,陈伟,13817484551,63,60岁以上,女
C01537,刘强,13828237852,18,13-18岁,男
C01538,孙敏,13887775232,47,46-60岁,男
C01539,孙明,13827778490,44,31-45岁,男
C01540,胡磊,13891183989,32,31-45岁,女
C01541,孙平,13861279998,53,46-60岁,女
C01542,孙强,13856562325,22,19-30岁,男
C01543,黄磊,13828312569,5,0-12岁,女
C01544,吴勇,13829187416,17,13-18岁,女
C01545,马洋,13828248280,66,60岁以上,女
C01546,黄涛,13814042721,32,31-45岁,女
C01547,吴艳,13810647382,36,31-45岁,男
C01548,陈军,13819681368,28,19-30岁,男
C01549,杨超,13898802469,49,46-60岁,女
C01550,胡明,13846221823,41,31-45岁,男
C01551,赵敏,13899891779,31,31-45岁,男
C01552,马明,13838926534,10,0-12岁,女
C01553,马勇,13847181021,43,31-45岁,男
C01554,胡强,13846416212,43,31-45岁,女
C01555,杨勇,13853359281,42,31-45岁,女
C01556,黄芳,13864949536,25,19-30岁,男
C01557,周磊,13898174994,31,31-45岁,女
C01558,孙静,13817431462,6,0-12岁,男
C01559,张军,13889038002,38,31-45岁,女
C01560,吴霞,13820142054,48,46-60岁,女
C01561,周娟,13823949290,44,31-45岁,女
C01562,陈静,13879829613,18,13-18岁,女
C01563,刘勇,13813912075,30,19-30岁,女
C01564,刘杰,13833841809,56,46-60岁,男
C01565,周磊,13821598574,55,46-60岁,女
C01566,赵秀英,13885485976,38,31-45岁,女
C01567,徐勇,13876716264,41,31-45岁,女
C01568,陈明,13834239071,59,46-60岁,男
C01569,孙明,13848834515,47,46-60岁,女
C01570,赵丽,13860087222,35,31-45岁,男
C01571,孙艳,13895931974,5,0-12岁,女
C01572,王静,13877779427,12,0-12岁,男
C01573,孙秀英,13894014727,13,13-18岁,女
C01574,赵丽,13838037558,31,31-45岁,女
C01575,胡秀英,13897951581,35,31-45岁,女
C01576,徐芳,13811323838,53,46-60岁,男
C01577,吴芳,13882133835,36,31-45岁,男
C01578,朱娜,13851347833,15,13-18岁,女
C01579,朱芳,13829636153,15,13-18岁,男
C01580,马伟,13818894061,70,60岁以上,男
C01581,黄静,13891018379,9,0-12岁,男
C01582,朱磊,13820675223,65,60岁以上,女
C01583,李静,13833623224,21,19-30岁,女
C01584,张强,13867919073,36,31-45岁,男
C01585,吴涛,13816861356,39,31-45岁,女
C01586,杨芳,13856475418,60,46-60岁,女
C01587,周平,13837395784,34,31-45岁,男
C01588,胡明,13818773870,9,0-12岁,男
C01589,徐明,13836861233,30,19-30岁,女
C01590,张伟,13833743272,33,31-45岁,女
C01591,吴秀英,13842913488,12,0-12岁,男
C01592,黄伟,13856907121,52,46-60岁,女
C01593,张超,13864098869,41,31-45岁,女
C01594,孙军,13870174384,30,19-30岁,男
C01595,吴洋,13898978756,22,19-30岁,女
C01596,张超,13867554602,23,19-30岁,男
C01597,朱娟,13845813762,52,46-60岁,女
C01598,马丽,13815728705,28,19-30岁,男
C01599,李敏,13847401358,49,46-60岁,女
C01600,吴静,13827212349,13,13-18岁,女
C01601,刘强,13862469384,19,19-30岁,女
C01602,周超,13835771091,34,31-45岁,女
C01603,陈艳,13891282075,31,31-45岁,男
C01604,陈杰,13891687861,5,0-12岁,男
C01605,李艳,13878001597,46,46-60岁,女
C01606,黄涛,13897056622,28,19-30岁,女
C01607,周磊,13867801716,43,31-45岁,女
C01608,孙磊,13850861665,26,19-30岁,女
C01609,陈娜,13823635508,43,31-45岁,男
C01610,徐芳,13864638233,39,31-45岁,女
C01611,李杰,13872568258,39,31-45岁,女
C01612,黄杰,13897807554,23,19-30岁,男
C01613,吴明,13857987605,44,31-45岁,男
C01614,张伟,13839861400,18,13-18岁,男
C01615,孙丽,13855435298,46,46-60岁,女
C01616,李明,13858332353,36,31-45岁,男
C01617,朱娟,13839341022,48,46-60岁,男
C01618,徐勇,13899401804,36,31-45岁,男
C01619,周敏,13846718292,40,31-45岁,男
C01620,胡超,13830989444,25,19-30岁,女
C01621,胡芳,13894937691,47,46-60岁,男
C01622,刘强,13850054241,48,46-60岁,女
C01623,胡霞,13869206260,58,46-60岁,女
C01624,赵军,13854096783,30,19-30岁,男
C01625,张娜,13878433433,9,0-12岁,女
C01626,徐军,13820796322,46,46-60岁,男
C01627,胡秀英,13872146006,49,46-60岁,女
C01628,周芳,13897919705,42,31-45岁,男
C01629,王勇,13836535864,7,0-12岁,女
C01630,张强,13842848740,25,19-30岁,女
C01631,周静,13817894475,21,19-30岁,男
C01632,马杰,13823091864,56,46-60岁,女
C01633,胡娜,13822318959,39,31-45岁,女
C01634,陈丽,13875818705,57,46-60岁,男
C01635,周磊,13819462834,45,31-45岁,女
C01636,周杰,13859442308,28,19-30岁,女
C01637,徐秀英,13849332439,47,46-60岁,女
C01638,杨杰,13854801055,15,13-18岁,女
C01639,马静,13899341966,7,0-12岁,男
C01640,马娜,13811094632,18,13-18岁,女
C01641,吴艳,13829151556,18,13-18岁,男
C01642,张敏,13811043047,20,19-30岁,女
C01643,黄磊,13898377382,40,31-45岁,男
C01644,朱娜,13875961783,39,31-45岁,女
C01645,杨平,13832619572,69,60岁以上,女
C01646,马平,13812387843,9,0-12岁,男
C01647,周杰,13826673691,31,31-45岁,女
C01648,马勇,13829962425,44,31-45岁,女
C01649,张军,13824902224,14,13-18岁,女
C01650,马涛,13840648804,31,31-45岁,女
C01651,赵磊,13826461440,31,31-45岁,女
C01652,杨秀英,13833677696,52,46-60岁,女
C01653,黄娟,13842623107,27,19-30岁,男
C01654,王霞,13853206938,27,19-30岁,女
C01655,徐杰,13832116539,75,60岁以上,女
C01656,李平,13826898727,64,60岁以上,女
C01657,陈磊,13855212124,57,46-60岁,男
C01658,孙娜,13866412129,42,31-45岁,男
C01659,李军,13873317035,62,60岁以上,女
C01660,王杰,13875239111,5,0-12岁,女
C01661,孙静,13899741539,5,0-12岁,女
C01662,孙杰,13866153956,18,13-18岁,女
C01663,杨艳,13874603170,9,0-12岁,女
C01664,李娜,13826167458,59,46-60岁,男
C01665,张洋,13882974203,53,46-60岁,女
C01666,赵艳,13818899984,45,31-45岁,女
C01667,马军,13818019234,44,31-45岁,女
C01668,李静,13843499005,44,31-45岁,男
C01669,李丽,13815834377,35,31-45岁,男
C01670,黄涛,13871968083,22,19-30岁,女
C01671,吴秀英,13877729490,59,46-60岁,女
C01672,吴娟,13817885945,7,0-12岁,男
C01673,李伟,13834927745,11,0-12岁,男
C01674,李艳,13852403322,5,0-12岁,女
C01675,吴娜,13820986247,9,0-12岁,男
C01676,周平,13856636909,49,46-60岁,女
C01677,马勇,13891633070,24,19-30岁,女
C01678,朱杰,13890013191,47,46-60岁,男
C01679,张洋,13838463463,26,19-30岁,男
C01680,黄杰,13859225392,6,0-12岁,男
C01681,马娜,13875214227,33,31-45岁,男
C01682,孙秀英,13830241329,10,0-12岁,男
C01683,胡磊,13833174621,47,46-60岁,男
C01684,周超,13835118842,34,31-45岁,女
C01685,王杰,13863932293,51,46-60岁,女
C01686,王静,13841758849,33,31-45岁,女
C01687,陈洋,13894449210,5,0-12岁,女
C01688,陈明,13862559414,84,60岁以上,女
C01689,王娜,13853236773,22,19-30岁,女
C01690,王娟,13828858060,57,46-60岁,男
C01691,陈娟,13877918171,12,0-12岁,女
C01692,陈明,13818696166,62,60岁以上,女
C01693,马娜,13896275947,31,31-45岁,女
C01694,杨军,13877947524,38,31-45岁,男
C01695,刘明,13899597553,59,46-60岁,男
C01696,周平,13876943873,53,46-60岁,男
C01697,刘涛,13812443625,34,31-45岁,女
C01698,李静,13887379333,46,46-60岁,女
C01699,陈伟,13839608325,36,31-45岁,男
C01700,黄勇,13843749847,24,19-30岁,女
C01701,朱平,13861226387,5,0-12岁,女
C01702,黄勇,13886318226,11,0-12岁,女
C01703,赵勇,13884132312,36,31-45岁,女
C01704,黄平,13866465945,35,31-45岁,男
C01705,王洋,13863905083,60,46-60岁,男
C01706,杨平,13819415023,13,13-18岁,女
C01707,孙强,13827259853,19,19-30岁,女
C01708,赵勇,13869854414,25,19-30岁,女
C01709,王杰,13869023709,52,46-60岁,女
C01710,杨洋,13895297722,28,19-30岁,女
C01711,孙明,13858902648,25,19-30岁,男
C01712,周磊,13831305366,46,46-60岁,女
C01713,杨杰,13872655136,22,19-30岁,男
C01714,陈杰,13836898190,20,19-30岁,女
C01715,杨敏,13869388999,28,19-30岁,女
C01716,胡霞,13846214683,44,31-45岁,女
C01717,刘霞,13826455512,32,31-45岁,男
C01718,吴丽,13868744688,80,60岁以上,男
C01719,徐秀英,13875078819,65,60岁以上,女
C01720,张涛,13836536611,65,60岁以上,男
C01721,孙强,13869126130,27,19-30岁,女
C01722,赵洋,13874492725,46,46-60岁,男
C01723,朱娜,13822329808,53,46-60岁,女
C01724,朱娟,13884465616,47,46-60岁,女
C01725,徐明,13892051256,38,31-45岁,男
C01726,王洋,13824235953,30,19-30岁,男
C01727,刘军,13877666302,70,60岁以上,男
C01728,徐静,13823063402,17,13-18岁,女
C01729,孙娟,13826952907,31,31-45岁,男
C01730,马杰,13820192403,35,31-45岁,男
C01731,李涛,13838258464,47,46-60岁,女
C01732,周明,13881957720,80,60岁以上,男
C01733,周杰,13827894036,55,46-60岁,男
C01734,吴超,13858386872,5,0-12岁,女
C01735,胡娟,13811048433,32,31-45岁,女
C01736,吴芳,13853485390,5,0-12岁,女
C01737,马艳,13853944534,30,19-30岁,男
C01738,孙秀英,13874752774,31,31-45岁,男
C01739,周娜,13814461108,46,46-60岁,男
C01740,李磊,13869315053,66,60岁以上,女
C01741,徐艳,13894698741,25,19-30岁,男
C01742,王平,13835133801,5,0-12岁,男
C01743,张霞,13872291364,18,13-18岁,女
C01744,徐杰,13869588436,43,31-45岁,女
C01745,马勇,13811794873,28,19-30岁,女
C01746,马娟,13821861773,72,60岁以上,女
C01747,李伟,13862026344,30,19-30岁,男
C01748,李军,13811171481,26,19-30岁,男
C01749,刘超,13875331243,36,31-45岁,男
C01750,孙超,13818656329,58,46-60岁,女
C01751,吴霞,13843804770,54,46-60岁,男
C01752,孙霞,13828796372,53,46-60岁,女
C01753,刘涛,13827548378,30,19-30岁,男
C01754,杨杰,13847566392,50,46-60岁,女
C01755,赵霞,13858033377,27,19-30岁,男
C01756,孙超,13841824160,20,19-30岁,女
C01757,王艳,13836488313,56,46-60岁,女
C01758,张明,13863088407,72,60岁以上,女
C01759,李洋,13889869462,15,13-18岁,女
C01760,黄娜,13867696733,37,31-45岁,男
C01761,李静,13853822785,24,19-30岁,女
C01762,杨洋,13887271295,8,0-12岁,女
C01763,杨涛,13813248952,30,19-30岁,女
C01764,马强,13819864118,38,31-45岁,女
C01765,吴明,13813648769,25,19-30岁,女
C01766,杨明,13889394081,28,19-30岁,女
C01767,李涛,13839333829,28,19-30岁,女
C01768,孙涛,13860062559,5,0-12岁,女
C01769,杨娜,13826909282,36,31-45岁,女
C01770,陈芳,13853022088,29,19-30岁,女
C01771,马敏,13893782597,43,31-45岁,男
C01772,张勇,13836709431,30,19-30岁,女
C01773,徐敏,13857255300,23,19-30岁,男
C01774,徐丽,13880027131,54,46-60岁,女
C01775,胡磊,13833355321,10,0-12岁,男
C01776,吴丽,13839851559,15,13-18岁,男
C01777,吴丽,13812569768,20,19-30岁,女
C01778,杨秀英,13810379652,69,60岁以上,男
C01779,黄涛,13886006167,12,0-12岁,男
C01780,刘杰,13851517411,44,31-45岁,女
C01781,徐丽,13878893096,12,0-12岁,女
C01782,王娟,13834605529,34,31-45岁,女
C01783,黄伟,13855156692,31,31-45岁,女
C01784,孙平,13859396563,16,13-18岁,女
C01785,胡强,13819768345,25,19-30岁,男
C01786,赵霞,13821935512,50,46-60岁,男
C01787,黄杰,13816364775,24,19-30岁,男
C01788,张强,13851831712,31,31-45岁,男
C01789,刘军,13846448773,6,0-12岁,女
C01790,马娜,13831084614,85,60岁以上,男
C01791,周敏,13853324900,9,0-12岁,男
C01792,马秀英,13889397963,41,31-45岁,女
C01793,王艳,13828451382,47,46-60岁,男
C01794,杨强,13880694810,35,31-45岁,男
C01795,赵敏,13831628714,68,60岁以上,女
C01796,陈明,13854319148,30,19-30岁,男
C01797,吴勇,13834964499,41,31-45岁,女
C01798,周杰,13890807823,47,46-60岁,男
C01799,周杰,13820258785,83,60岁以上,女
C01800,周敏,13865463685,30,19-30岁,女
C01801,杨艳,13822985102,5,0-12岁,男
C01802,朱涛,13877095711,47,46-60岁,女
C01803,周丽,13832898370,39,31-45岁,男
C01804,朱洋,13886902440,55,46-60岁,男
C01805,胡平,13836669655,27,19-30岁,男
C01806,周娜,13886413181,38,31-45岁,女
C01807,徐静,13868995118,51,46-60岁,男
C01808,杨敏,13882266890,8,0-12岁,女
C01809,刘洋,13870831556,41,31-45岁,男
C01810,李丽,13835809146,13,13-18岁,女
C01811,杨静,13816711777,5,0-12岁,女
C01812,吴杰,13840222860,42,31-45岁,男
C01813,黄平,13877632986,17,13-18岁,男
C01814,王霞,13873272046,42,31-45岁,男
C01815,黄娟,13856088234,10,0-12岁,男
C01816,王明,13816005284,31,31-45岁,女
C01817,徐秀英,13871292754,30,19-30岁,女
C01818,孙丽,13854828400,62,60岁以上,男
C01819,吴丽,13862418394,20,19-30岁,女
C01820,赵洋,13835882782,40,31-45岁,女
C01821,王丽,13842184757,9,0-12岁,男
C01822,杨涛,13870008034,26,19-30岁,男
C01823,周芳,13851502446,9,0-12岁,男
C01824,朱艳,13874686790,7,0-12岁,女
C01825,张明,13878609663,5,0-12岁,男
C01826,王强,13825025684,40,31-45岁,男
C01827,朱杰,13844835562,18,13-18岁,女
C01828,吴超,13840419160,28,19-30岁,女
C01829,徐明,13891232631,18,13-18岁,男
C01830,黄明,13817747107,44,31-45岁,女
C01831,黄涛,13840126024,38,31-45岁,男
C01832,赵丽,13889735729,5,0-12岁,女
C01833,李霞,13821849480,5,0-12岁,男
C01834,张磊,13815271916,19,19-30岁,女
C01835,陈芳,13882095928,5,0-12岁,女
C01836,陈磊,13836905091,32,31-45岁,男
C01837,吴洋,13824951892,85,60岁以上,女
C01838,王涛,13868735503,40,31-45岁,女
C01839,周明,13881886778,5,0-12岁,女
C01840,吴超,13860135512,25,19-30岁,女
C01841,李霞,13835156640,52,46-60岁,男
C01842,李军,13819925370,47,46-60岁,女
C01843,马秀英,13869695535,47,46-60岁,女
C01844,朱艳,13817341632,25,19-30岁,男
C01845,吴芳,13865914872,85,60岁以上,男
C01846,马涛,13895724082,51,46-60岁,女
C01847,吴强,13815444663,33,31-45岁,男
C01848,黄敏,13847733627,28,19-30岁,女
C01849,孙磊,13810964858,43,31-45岁,男
C01850,陈芳,13871521456,39,31-45岁,女
C01851,赵军,13893992937,5,0-12岁,女
C01852,杨娜,13861525299,31,31-45岁,男
C01853,赵敏,13889535784,43,31-45岁,男
C01854,马磊,13824612159,48,46-60岁,男
C01855,刘霞,13880288262,17,13-18岁,女
C01856,孙艳,13819527142,44,31-45岁,女
C01857,朱平,13834842854,14,13-18岁,女
C01858,徐娟,13842313597,23,19-30岁,男
C01859,王平,13816568743,37,31-45岁,女
C01860,王强,13878397312,28,19-30岁,女
C01861,朱强,13865594563,58,46-60岁,男
C01862,马芳,13858176041,14,13-18岁,男
C01863,周艳,13832734629,25,19-30岁,女
C01864,吴军,13826774094,36,31-45岁,女
C01865,周秀英,13856486729,52,46-60岁,男
C01866,王勇,13846837704,37,31-45岁,男
C01867,孙洋,13852182868,22,19-30岁,女
C01868,陈霞,13827288632,37,31-45岁,男
C01869,陈超,13871847010,40,31-45岁,女
C01870,胡敏,13845423775,24,19-30岁,女
C01871,王娟,13870349457,16,13-18岁,女
C01872,胡芳,13874764148,14,13-18岁,男
C01873,陈静,13845939606,35,31-45岁,女
C01874,孙静,13822844148,40,31-45岁,男
C01875,刘静,13873389733,61,60岁以上,女
C01876,孙勇,13884985522,72,60岁以上,男
C01877,朱磊,13813296851,50,46-60岁,女
C01878,马杰,13862665354,26,19-30岁,女
C01879,赵静,13857222388,38,31-45岁,女
C01880,周军,13842355576,43,31-45岁,男
C01881,徐娟,13845237131,10,0-12岁,男
C01882,黄涛,13859952501,59,46-60岁,女
C01883,李娜,13890091623,11,0-12岁,男
C01884,黄超,13820508385,23,19-30岁,男
C01885,孙军,13851144367,25,19-30岁,男
C01886,孙艳,13849516084,37,31-45岁,女
C01887,赵明,13837686302,33,31-45岁,男
C01888,杨霞,13822119967,23,19-30岁,男
C01889,张娜,13880413383,32,31-45岁,女
C01890,孙涛,13868764540,43,31-45岁,女
C01891,徐艳,13892152079,45,31-45岁,女
C01892,朱娜,13893703847,64,60岁以上,男
C01893,马秀英,13822126697,24,19-30岁,女
C01894,黄强,13814194659,33,31-45岁,女
C01895,黄强,13823406137,31,31-45岁,女
C01896,赵军,13815911526,16,13-18岁,男
C01897,杨洋,13837589720,47,46-60岁,女
C01898,杨秀英,13870379494,37,31-45岁,男
C01899,周静,13899889751,55,46-60岁,女
C01900,周明,13867944574,33,31-45岁,女
C01901,马勇,13816845233,59,46-60岁,男
C01902,胡芳,13890071227,47,46-60岁,女
C01903,张敏,13862052420,5,0-12岁,男
C01904,徐涛,13817687034,32,31-45岁,男
C01905,张敏,13823319168,37,31-45岁,男
C01906,胡丽,13892616558,44,31-45岁,女
C01907,赵涛,13850947167,24,19-30岁,男
C01908,张娟,13837933892,20,19-30岁,男
C01909,刘静,13811545962,35,31-45岁,男
C01910,胡洋,13850809050,5,0-12岁,男
C01911,王军,13828924424,8,0-12岁,女
C01912,李艳,13830157673,28,19-30岁,男
C01913,陈娜,13884123018,63,60岁以上,女
C01914,杨丽,13833145412,23,19-30岁,男
C01915,张杰,13877398902,8,0-12岁,男
C01916,徐洋,13821898156,5,0-12岁,男
C01917,孙磊,13865202741,75,60岁以上,男
C01918,黄娜,13863696644,18,13-18岁,男
C01919,孙敏,13849678423,58,46-60岁,女
C01920,张强,13842158825,32,31-45岁,男
C01921,赵娜,13886341233,52,46-60岁,男
C01922,王霞,13818898902,47,46-60岁,男
C01923,刘超,13886249326,25,19-30岁,女
C01924,徐涛,13872073538,15,13-18岁,女
C01925,张伟,13862298388,53,46-60岁,女
C01926,孙勇,13881713949,6,0-12岁,男
C01927,朱敏,13821155578,73,60岁以上,男
C01928,朱娟,13845733978,5,0-12岁,男
C01929,孙静,13859755925,6,0-12岁,男
C01930,赵娜,13890909051,18,13-18岁,女
C01931,刘杰,13829957030,52,46-60岁,男
C01932,李敏,13881459498,34,31-45岁,女
C01933,李勇,13812422884,32,31-45岁,男
C01934,杨洋,13877479494,64,60岁以上,女
C01935,王杰,13825501646,56,46-60岁,男
C01936,马静,13899041537,50,46-60岁,男
C01937,徐静,13875392374,31,31-45岁,男
C01938,李超,13882181080,18,13-18岁,男
C01939,周伟,13862617852,24,19-30岁,男
C01940,周丽,13890551901,43,31-45岁,男
C01941,赵艳,13814449655,29,19-30岁,男
C01942,孙强,13832875008,20,19-30岁,男
C01943,徐静,13852531493,16,13-18岁,女
C01944,胡娟,13824262793,29,19-30岁,女
C01945,周涛,13897419834,37,31-45岁,女
C01946,朱强,13812075190,23,19-30岁,女
C01947,李敏,13817555931,28,19-30岁,女
C01948,王敏,13851505060,48,46-60岁,女
C01949,周杰,13823168130,46,46-60岁,男
C01950,杨娟,13867892145,37,31-45岁,女
C01951,杨静,13886302461,49,46-60岁,男
C01952,刘军,13832681994,51,46-60岁,女
C01953,徐娜,13824173316,29,19-30岁,女
C01954,刘秀英,13872042287,8,0-12岁,女
C01955,周平,13899077922,13,13-18岁,男
C01956,孙平,13891047337,47,46-60岁,男
C01957,陈伟,13884165760,31,31-45岁,女
C01958,朱洋,13828977364,9,0-12岁,女
C01959,刘超,13850191815,31,31-45岁,女
C01960,周超,13882551922,19,19-30岁,男
C01961,刘杰,13837226355,51,46-60岁,女
C01962,陈芳,13835506319,43,31-45岁,男
C01963,马磊,13863537857,20,19-30岁,男
C01964,赵杰,13855117172,74,60岁以上,男
C01965,李磊,13892528238,20,19-30岁,女
C01966,赵平,13876099664,47,46-60岁,女
C01967,李超,13839701011,29,19-30岁,男
C01968,胡伟,13817614185,26,19-30岁,女
C01969,杨勇,13861546824,39,31-45岁,女
C01970,王杰,13825251760,26,19-30岁,男
C01971,朱霞,13846756957,44,31-45岁,男
C01972,黄艳,13852285181,39,31-45岁,女
C01973,吴丽,13838104092,10,0-12岁,女
C01974,马明,13882725673,48,46-60岁,女
C01975,马娜,13858572377,24,19-30岁,男
C01976,张霞,13860241793,5,0-12岁,男
C01977,李伟,13849374963,13,13-18岁,女
C01978,陈强,13899742116,17,13-18岁,女
C01979,张芳,13867456064,57,46-60岁,女
C01980,马杰,13869384397,23,19-30岁,男
C01981,吴洋,13822857474,72,60岁以上,男
C01982,徐超,13817702843,10,0-12岁,男
C01983,马娟,13848181331,26,19-30岁,男
C01984,黄杰,13878905931,40,31-45岁,女
C01985,李秀英,13894193881,33,31-45岁,女
C01986,吴平,13838653575,44,31-45岁,女
C01987,王军,13810655262,34,31-45岁,男
C01988,李洋,13895948989,28,19-30岁,女
C01989,李超,13854198960,50,46-60岁,男
C01990,胡强,13824379620,9,0-12岁,男
C01991,马静,13876295541,83,60岁以上,男
C01992,吴勇,13895339324,49,46-60岁,男
C01993,黄霞,13824346327,62,60岁以上,男
C01994,徐娜,13866923354,51,46-60岁,男
C01995,陈娟,13855497334,67,60岁以上,男
C01996,孙磊,13859267065,42,31-45岁,女
C01997,张磊,13856773218,25,19-30岁,女
C01998,李娟,13852762249,44,31-45岁,女
C01999,李涛,13822459245,39,31-45岁,男
C02000,周平,13814427976,37,31-45岁,女
